timestamp,open,high,low,close,volume
1666483200000,270.2,276.6,268.45,275.65,56489.25
1666569600000,275.65,277.15,271.4,273.9,39941.67
1666656000000,273.9,289.75,271.85,283.95,133886.85
1666742400000,283.95,291.85,283.95,290.1,93697.56
1666828800000,290.1,293.2,284.4,286.55,88461.69
1666915200000,286.55,300.9,285.25,297.85,137428.87
1667001600000,297.85,308.4,295.55,304.3,162520.14
1667088000000,304.3,319,302.2,313.4,153841.04
1667174400000,313.4,337.5,306.05,325.6,355174.71
1667260800000,325.6,334.05,317.3,323.75,189748.99
1667347200000,323.75,329.65,315.15,320,291530.01
1667433600000,320,339.35,317.95,329.2,253019.19
1667520000000,329.2,358.75,327.95,354.2,289336
1667606400000,354.2,360.9,345.9,349.05,137870.89
1667692800000,349.05,356.15,337.45,337.6,129880.37
1667779200000,337.6,344.3,326.25,336.65,258724.06
1667865600000,336.65,398.5,298.4,327.2,1658444.7
1667952000000,327.2,332.85,260,266.5,747934.26
1668038400000,266.5,311.85,261.65,303.8,417792.05
1668124800000,303.8,305.6,278.4,290.05,237685.29
1668211200000,290.05,293.5,271.3,282.75,160952.77
1668297600000,282.75,286.6,273,276.55,136070.94
1668384000000,276.55,292.25,267.6,279,228650.47
1668470400000,279,282.75,273.25,277.25,129479.53
1668556800000,277.25,280.4,268.65,272.1,123091.41
1668643200000,272.1,273.75,263.3,267.8,108388.43
1668729600000,267.8,275.45,267.65,273.9,95589.16
1668816000000,273.9,274.45,269,272.45,60038.84
1668902400000,272.45,273.95,261.45,264.15,84073.55
1668988800000,264.15,265.05,249.3,253.85,149331.29
1669075200000,253.85,267.9,251.95,266.7,127901.59
1669161600000,266.7,303.15,264.85,298.5,391329.91
1669248000000,298.5,303.85,293.25,299.9,193150.33
1669334400000,299.9,306.9,293.2,300.4,189291.7
1669420800000,300.4,318.05,299.55,311,254449.75
1669507200000,311,316.35,306,307.25,183319.12
1669593600000,307.25,309.15,286,293.1,326971.13
1669680000000,293.1,305.05,288.1,295.2,220052.9
1669766400000,295.2,305.3,292.1,300.2,254388.92
1669852800000,300.2,301.5,290.15,292.3,257824.17
1669939200000,292.3,294.35,285.1,293.55,184136.47
1670025600000,293.55,294.65,289.1,290.45,89516.13
1670112000000,290.45,293.05,286.95,292,93419.47
1670198400000,292,297.35,285.9,288.55,139621.05
1670284800000,288.55,290.8,286.45,290.2,72139.02
1670371200000,290.2,291,280.45,283.9,104994.32
1670457600000,283.9,292.05,282.35,290.4,111883.66
1670544000000,290.4,292.15,284.5,285.9,110632.96
1670630400000,285.9,289.85,285.7,287.95,44926.98
1670716800000,287.95,291.45,283.25,284.4,72351.33
1670803200000,284.4,285.8,271.3,276.1,401857.76
1670889600000,276.1,282.55,255.1,272.3,1206621.05
1670976000000,272.3,278.65,265.05,267.55,570694.26
1671062400000,267.55,267.95,256.2,259,314292.21
1671148800000,259,264.75,223,230.55,994136.71
1671235200000,230.55,245.2,218.85,241.8,941838.37
1671321600000,241.8,253.85,238.95,250.6,850402.73
1671408000000,250.6,252.9,236.55,240.35,740383.61
1671494400000,240.35,253.65,238.95,251.1,478752.21
1671580800000,251.1,251.3,245,246.1,263372.11
1671667200000,246.1,248.15,239.8,245.7,404579.31
1671753600000,245.7,248.65,242.25,245.9,220094.67
1671840000000,245.9,246.05,243.1,244.3,76791.68
1671926400000,244.3,245.7,241.1,243.05,180581.2
1672012800000,243.05,244.85,241.75,244.2,123413.57
1672099200000,244.2,249.2,241.95,246.4,270695.77
1672185600000,246.4,247.4,241.3,244.4,297314.14
1672272000000,244.4,246.75,243.1,246.1,209355.63
1672358400000,246.1,246.5,242.5,245.6,159933.39
1672444800000,245.6,247.95,244.75,246,114708.57
1672531200000,246,246.4,243,244.3,121720.08
1672617600000,244.3,247.8,240.35,245.1,229780.09
1672704000000,245.1,246.9,244.2,245.95,151272.34
1672790400000,245.95,260.9,245.5,258.55,409123.04
1672876800000,258.55,258.9,254.95,256.35,173324.01
1672963200000,256.35,260.65,254.1,259.65,212966.62
1673049600000,259.65,263.9,259.2,261.05,97410.36
1673136000000,261.05,276.5,259.8,274.65,267857.45
1673222400000,274.65,283.5,271.2,272.35,334884
1673308800000,272.35,278.7,269.95,276.95,154780.8
1673395200000,276.95,287.5,273.8,284.7,180776.69
1673481600000,284.7,288.5,278.7,287.45,285485.1
1673568000000,287.45,296.05,284.55,293.6,162523.23
1673654400000,293.6,315,293.1,305.2,319432.23
1673740800000,305.2,306.15,292,302.05,129935.64
1673827200000,302.05,308.15,292.9,298.95,160458.07
1673913600000,298.95,305.75,294.55,298.9,158285.16
1674000000000,298.9,305.2,280,286.4,446964.46
1674086400000,286.4,295.3,284.9,294.3,144903.39
1674172800000,294.3,305.55,286.65,305.2,241700.9
1674259200000,305.2,310.45,298.15,299,309063.55
1674345600000,299,311.85,298.35,303.05,225997.89
1674432000000,303.05,308,300.8,305.3,144434.78
1674518400000,305.3,323.9,298.95,300.3,305076.13
1674604800000,300.3,314.8,293.2,306.75,220973.7
1674691200000,306.75,309.95,301.25,304.7,186190.65
1674777600000,304.7,310.7,298.35,308.05,130325.51
1674864000000,308.05,313.75,303.45,306.1,75669.65
1674950400000,306.1,320.65,304.7,317,188734.95
1675036800000,317,321.15,301.5,307.15,163643.01
1675123200000,307.15,314.3,305.3,312.05,83277.65
1675209600000,312.05,319.5,305.7,317.05,128406.07
1675296000000,317.05,334.9,316.35,323.6,199957.39
1675382400000,323.6,335.65,318.55,332.25,188106.17
1675468800000,332.25,334.05,327.05,330.25,67519.7
1675555200000,330.25,338.4,324.1,327.8,146740.71
1675641600000,327.8,331.4,320.7,324.4,90916.12
1675728000000,324.4,334.25,323.25,333.05,97402.34
1675814400000,333.05,336,323.3,328.1,83591.21
1675900800000,328.1,329,301.5,305.75,188034.91
1675987200000,305.75,309,302.15,305.65,69708.15
1676073600000,305.65,311.15,304.85,310.25,51146.83
1676160000000,310.25,320.55,305.85,312.1,110720.64
1676246400000,312.1,315.35,282.35,294.1,790387.24
1676332800000,294.1,301.4,289.1,295.95,375669.48
1676419200000,295.95,317.55,293.8,317.3,226515.36
1676505600000,317.3,328,303.75,304,373058.68
1676592000000,304,316.9,302.45,312.85,230461.89
1676678400000,312.85,318.8,312.75,316.2,83779.8
1676764800000,316.2,318.55,310.05,311.25,127563.58
1676851200000,311.25,319.4,307.5,315.25,257780.37
1676937600000,315.25,317.25,309.15,311.35,152290.31
1677024000000,311.35,312.75,303.1,312.35,188613.83
1677110400000,312.35,314.9,305.55,308.15,133728.61
1677196800000,308.15,311.75,298.45,302,137175.46
1677283200000,302,302.9,295.2,302.2,60940.58
1677369600000,302.2,309.65,300.55,308.4,50955.56
1677456000000,308.4,309.15,300.25,304.5,99318.37
1677542400000,304.5,305.4,299.75,301,70935.56
1677628800000,301,306.35,300.25,302.55,69858.42
1677715200000,302.55,303.65,295.55,299.75,80005.41
1677801600000,299.75,299.9,285.2,290.2,112736.53
1677888000000,290.2,291.3,285.5,289.35,38718.83
1677974400000,289.35,292.6,287.3,288.55,49321.84
1678060800000,288.55,289.5,283,287.65,144037.86
1678147200000,287.65,290.4,283.2,289.1,128769.42
1678233600000,289.1,294.15,284.75,286.8,155343.52
1678320000000,286.8,291.2,270.8,276.85,230304.09
1678406400000,276.85,277.95,264.7,277.15,214436.13
1678492800000,277.15,281.55,270.05,275.7,158085.78
1678579200000,275.7,288.75,273.1,287.9,140061.7
1678665600000,287.9,313.5,285.95,307.75,535269.96
1678752000000,307.75,319.6,302.05,308.6,320665.09
1678838400000,308.6,312.85,299.8,306.2,160872.24
1678924800000,306.2,332.2,302.95,329,586345.58
1679011200000,329,339.8,324.9,338.6,350349.27
1679097600000,338.6,345.7,326.45,330.8,320999.21
1679184000000,330.8,341.2,329.85,335.7,183762.02
1679270400000,335.7,338.85,330.5,332.1,189344.35
1679356800000,332.1,339.5,326.2,334.45,202030.3
1679443200000,334.45,338.35,315.85,321.05,423799.66
1679529600000,321.05,332,318.8,329.05,106962.78
1679616000000,329.05,329.65,316.4,321.75,205807.56
1679702400000,321.75,324.7,318.65,322.1,228606.96
1679788800000,322.1,329.25,321.45,328.35,91474.34
1679875200000,328.35,329.65,305.3,310.15,485293.77
1679961600000,310.15,315.9,306.65,313.05,204180.02
1680048000000,313.05,319.7,312.25,313.6,152679.76
1680134400000,313.6,320.95,308.8,315.85,223142.8
1680220800000,315.85,319.75,312.55,316.6,92388.7
1680307200000,316.6,318.25,312.6,314.5,68234.46
1680393600000,314.5,315.85,310.3,313.55,56361.45
1680480000000,313.55,313.75,298.25,308.3,487364.41
1680566400000,308.3,312.75,307.6,310.6,142839.15
1680652800000,310.6,316.65,309.85,313.8,97758.03
1680739200000,313.8,315.1,310.15,312,80313.39
1680825600000,312,312.5,309.15,310.1,42903.2
1680912000000,310.1,312.5,309.75,310.35,38131.29
1680998400000,310.35,313.65,309.25,312.6,33762.71
1681084800000,312.6,318.35,311.4,318.35,64534.01
1681171200000,318.35,333,317.55,322.2,221489.33
1681257600000,322.2,323.35,316.65,319.75,77382.67
1681344000000,319.75,324.85,317.7,324.65,90697.17
1681430400000,324.65,335.5,322.7,328.65,153213.57
1681516800000,328.65,336.45,326.6,332.95,112404.72
1681603200000,332.95,350.95,329.9,347.65,271117.85
1681689600000,347.65,350.45,337.5,339.95,181229.19
1681776000000,339.95,346.8,336.2,343.25,155107.04
1681862400000,343.25,343.95,319.6,322.3,214154.97
1681948800000,322.3,326.7,314.85,317.85,104400.01
1682035200000,317.85,332.55,315.25,321.1,341422.21
1682121600000,321.1,333.2,319.5,331.6,145840.9
1682208000000,331.6,331.8,326.8,330.55,133321.92
1682294400000,330.55,333.55,326.7,330.65,146095.88
1682380800000,330.65,341.55,328.05,337.95,214663.52
1682467200000,337.95,345,321.55,330.4,303981.08
1682553600000,330.4,335.95,327.15,330.3,124945.29
1682640000000,330.3,330.3,317.65,323.85,352803.01
1682726400000,323.85,324.5,320.5,321.7,60676.74
1682812800000,321.7,337.55,320.15,336.55,287672.05
1682899200000,336.55,338.55,325.25,328.1,287330.05
1682985600000,328.1,328.15,320.75,321.5,161834.14
1683072000000,321.5,327.45,320.35,325.65,163576.64
1683158400000,325.65,327.3,323.05,323.65,60150.9
1683244800000,323.65,328.85,322,326.4,91215.28
1683331200000,326.4,328.3,319.05,321.8,80578.31
1683417600000,321.8,325.1,320.4,320.85,57879.83
1683504000000,320.85,321.95,309.8,313.5,161825.59
1683590400000,313.5,315.4,310.9,312,58391.58
1683676800000,312,316.7,306.85,314.1,130555.89
1683763200000,314.1,314.15,303.9,307.3,101136.56
1683849600000,307.3,308.95,301,308.35,86811.49
1683936000000,308.35,311.75,307.25,310.7,44460.99
1684022400000,310.7,314.65,309.4,311.8,32760.35
1684108800000,311.8,316.2,310.2,313.25,63378.75
1684195200000,313.25,313.75,309.05,311.15,34487.9
1684281600000,311.15,314.15,306.75,314.05,65907.1
1684368000000,314.05,314.95,305.85,309.15,50090.61
1684454400000,309.15,311.2,307.1,308.6,24699.89
1684540800000,308.6,311.85,307.65,310.5,16741.64
1684627200000,310.5,311.4,305.45,306.3,19347.3
1684713600000,306.3,311.15,304.15,308.95,42496.92
1684800000000,308.95,315.35,308.9,313.35,41466.93
1684886400000,313.35,313.35,303.5,305.7,54364.51
1684972800000,305.7,306.85,302.1,304.45,36731.77
1685059200000,304.45,308.25,301.4,306.55,59423.89
1685145600000,306.55,307.7,303.85,307.4,20162.2
1685232000000,307.4,314.5,306.6,314.05,31719.38
1685318400000,314.05,317.4,310.5,311.75,63147.85
1685404800000,311.75,314.15,310.7,311.25,31004.27
1685491200000,311.25,311.65,304.8,306.7,49355.54
1685577600000,306.7,307.6,303.05,304.95,56408.19
1685664000000,304.95,308.35,303.2,307.15,42266.48
1685750400000,307.15,308.1,304.55,306.45,21827.72
1685836800000,306.45,307.9,304.5,305.1,28317.84
1685923200000,305.1,305.1,271.25,276.8,566344.27
1686009600000,276.8,285.75,272.8,280.95,338778.96
1686096000000,280.95,281.6,253.3,259.05,529622.13
1686182400000,259.05,267.7,256.85,261.75,319645.47
1686268800000,261.75,264.6,255.35,260.6,263635.64
1686355200000,260.6,260.75,224,238.7,620770.21
1686441600000,238.7,239,232.95,235.15,148268.48
1686528000000,235.15,239.35,219.2,231.15,974349.45
1686614400000,231.15,247.8,228.2,244,810472.87
1686700800000,244,252.75,232.15,237.75,852821.4
1686787200000,237.75,240.95,230.15,236.25,490687.18
1686873600000,236.25,243.8,231.6,239.15,518286.01
1686960000000,239.15,249.85,237.05,244.2,313381.15
1687046400000,244.2,248.6,241.35,243.95,139950.72
1687132800000,243.95,245.15,237.75,242.95,204738.11
1687219200000,242.95,248.1,238.3,247.75,183783.17
1687305600000,247.75,254.65,245,248.75,288175.24
1687392000000,248.75,257,239.2,240.55,297402.67
1687478400000,240.55,249.75,239.55,244.25,197801.12
1687564800000,244.25,248.5,229.1,236.15,237383.88
1687651200000,236.15,241.95,234.8,238.7,131759.74
1687737600000,238.7,241.3,233.2,235.9,165861.37
1687824000000,235.9,240.85,234.35,237.2,108406.24
1687910400000,237.2,237.4,222.05,230.35,309657.49
1687996800000,230.35,236.7,230.25,232.9,138193.72
1688083200000,232.9,241.75,230.2,240.25,254209.31
1688169600000,240.25,249.1,239.85,247.8,178556.16
1688256000000,247.8,248.55,242.7,246.5,186945.62
1688342400000,246.5,255.6,244.35,246.35,272283.22
1688428800000,246.35,246.75,239.75,242.25,143948.57
1688515200000,242.25,243.75,234.95,238.65,201619.57
1688601600000,238.65,244.3,230.5,231.4,396269.24
1688688000000,231.4,236,230.1,235.4,179770.62
1688774400000,235.4,237.3,233.9,236.1,94528.04
1688860800000,236.1,236.85,232.65,233.85,84001.29
1688947200000,233.85,246.95,231,245.8,614597.93
1689033600000,245.8,249.35,244.1,248.3,253479.93
1689120000000,248.3,249.9,242.1,243.6,215350.99
1689206400000,243.6,258.45,242.35,255.9,421479.56
1689292800000,255.9,261.35,241.8,247.8,437266.86
1689379200000,247.8,252,246.5,250.7,137937.33
1689465600000,250.7,251.6,240.8,241.75,212643.89
1689552000000,241.75,244.95,238.45,244.15,390611.03
1689638400000,244.15,246.55,237.2,240.35,389471.67
1689724800000,240.35,244.2,239.75,240.75,144803.56
1689811200000,240.75,245.15,240.35,242.8,205989.38
1689897600000,242.8,245.55,242.15,243.65,94638.05
1689984000000,243.65,244.85,239.9,241,60753.89
1690070400000,241,243.95,240.4,242.3,70600.49
1690156800000,242.3,242.95,235.15,238.95,248346.7
1690243200000,238.95,239.75,236.15,237.65,96967.54
1690329600000,237.65,240.5,236.2,238.7,120070.55
1690416000000,238.7,244.6,238.2,240.5,128172.49
1690502400000,240.5,242.95,237.65,241.7,150518.01
1690588800000,241.7,242.9,241.05,242.5,26367.56
1690675200000,242.5,243.8,240.15,242.55,75348.87
1690761600000,242.55,244.55,240.35,240.85,115547.15
1690848000000,240.85,247.7,237.15,247.55,372945.94
1690934400000,247.55,248.7,234.6,240.3,525884.22
1691020800000,240.3,241.75,238,240.85,116161.65
1691107200000,240.85,243.35,240,241.55,90406.68
1691193600000,241.55,243.2,239.75,243.1,49050.07
1691280000000,243.1,245.4,242.65,243.05,55596.22
1691366400000,243.05,244.9,239.35,241.85,96407.41
1691452800000,241.85,248.25,241.3,245.1,174770.36
1691539200000,245.1,245.35,242.6,243.8,84022.04
1691625600000,243.8,243.9,240.3,241.3,64778.4
1691712000000,241.3,241.95,237.9,239.75,98573.61
1691798400000,239.75,241.25,239.35,240.1,42698.49
1691884800000,240.1,241.7,239.4,239.9,35220.47
1691971200000,239.9,241.25,239.5,240.35,48309.4
1692057600000,240.35,240.6,232.75,236.75,186667.27
1692144000000,236.75,237.25,230.05,231.85,220806.05
1692230400000,231.85,232.25,205.45,217.75,512697.41
1692316800000,217.75,220.2,213.15,215.85,282848.59
1692403200000,215.85,219.2,213.3,216.8,132704.17
1692489600000,216.8,217.9,214.95,216.35,72653.46
1692576000000,216.35,216.6,205.35,210.2,486922.5
1692662400000,210.2,213.9,202.7,210.85,637304.97
1692748800000,210.85,218.85,210.6,216.5,527679.43
1692835200000,216.5,221.5,215.25,218.95,312339.07
1692921600000,218.95,219.6,213.4,218.35,284844.09
1693008000000,218.35,219.2,215.95,216.35,72687.74
1693094400000,216.35,219.9,215.65,218.2,118189.99
1693180800000,218.2,219.4,214.95,218.65,218086.29
1693267200000,218.65,238.75,216.75,226.7,551767.29
1693353600000,226.7,227.05,221.6,223.6,122387.51
1693440000000,223.6,225.85,214,216.45,270631.34
1693526400000,216.45,218.45,210.75,213.5,283861.09
1693612800000,213.5,215.7,212.8,214.3,92201.63
1693699200000,214.3,215.05,213,214.15,61681.38
1693785600000,214.15,216.95,213,215.15,128212.05
1693872000000,215.15,216,213.35,214.35,78840.14
1693958400000,214.35,219.15,211.65,215.05,218591.86
1694044800000,215.05,217.75,213.35,217,132493.78
1694131200000,217,218.7,213.1,214.45,96325.73
1694217600000,214.45,215.3,213.95,214,30055.88
1694304000000,214,214.05,210.85,212.1,93242.64
1694390400000,212.1,212.5,203.65,205.95,262430.67
1694476800000,205.95,214.8,204.6,210.45,297866.71
1694563200000,210.45,213.2,209.15,212.45,131610.05
1694649600000,212.45,215.5,210.45,211.95,124620.14
1694736000000,211.95,214.85,210.75,213.9,125505.84
1694822400000,213.9,215.75,213.1,214.75,94164.69
1694908800000,214.75,216.75,213.05,216.2,79946.86
1694995200000,216.2,221.25,214.75,215.9,246785.36
1695081600000,215.9,220,215.25,217,119083.04
1695168000000,217,217.75,213,214.2,134892.88
1695254400000,214.2,215.05,209.1,210.7,165105.01
1695340800000,210.7,212.95,209.5,210.9,79812.89
1695427200000,210.9,211.55,209.65,210.35,35276.96
1695513600000,210.35,211.25,206.3,208.1,91932.9
1695600000000,208.1,210.4,206.3,209.8,126468.03
1695686400000,209.8,213.75,209.55,212.45,141366.17
1695772800000,212.45,215.95,210.2,211.95,157943.71
1695859200000,211.95,216.95,211.45,214.85,127975.16
1695945600000,214.85,217.45,214.25,215,81230.22
1696032000000,215,216.45,213.95,214.55,56405.67
1696118400000,214.55,219.5,212.85,218.1,184731.14
1696204800000,218.1,221.6,212.95,214.45,198837.19
1696291200000,214.45,215.75,212.3,213.3,90817.34
1696377600000,213.3,213.65,210.55,213.2,120059.65
1696464000000,213.2,213.95,210,210.5,69457.81
1696550400000,210.5,214.4,209.85,213.15,105839.84
1696636800000,213.15,213.7,211.35,212.05,42867.81
1696723200000,212.05,212.75,208.45,211.2,93875.28
1696809600000,211.2,212.1,201.7,205.65,284808.01
1696896000000,205.65,215.35,205.4,208.3,360954.3
1696982400000,208.3,208.6,204.05,206.5,197569.09
1697068800000,206.5,207.25,202.6,205.15,160178.13
1697155200000,205.15,208.35,204.2,205.9,124399.93
1697241600000,205.9,206.95,205.55,206.45,38095.92
1697328000000,206.45,212.05,206.25,209.65,137015.11
1697414400000,209.65,219.75,209.5,214.6,343771.42
1697500800000,214.6,215,208.7,211.35,123589.66
1697587200000,211.35,213.8,209.75,210.1,70710.78
1697673600000,210.1,211.45,207.8,211.1,107291.2
1697760000000,211.1,216.6,210.4,211.85,126995.45
1697846400000,211.85,215.7,211.3,214,86391.47
1697932800000,214,218.6,213.4,217.65,86184.45
1698019200000,217.65,231.45,216.75,228.6,311747.69
1698105600000,228.6,238.55,221.45,225.2,262711.36
1698192000000,225.2,229.3,221.55,222.1,166310.88
1698278400000,222.1,228.4,219.05,223.15,185264.25
1698364800000,223.15,232.7,219.85,224.1,371417.58
1698451200000,224.1,228.45,224.05,225.65,78106.05
1698537600000,225.65,228.15,223.45,227.1,59972.29
1698624000000,227.1,229.3,224.45,227.85,93579.4
1698710400000,227.85,229.2,223.55,226.2,104273.07
1698796800000,226.2,229.95,222.2,228.1,170834.73
1698883200000,228.1,233.75,227.55,231.85,193904.29
1698969600000,231.85,232.45,225.45,230.4,138948.72
1699056000000,230.4,238.6,229.45,237.1,113571.37
1699142400000,237.1,245.8,236.15,244.05,277720.51
1699228800000,244.05,256.15,241.6,255.2,370627.11
1699315200000,255.2,255.75,242.15,246.4,342733
1699401600000,246.4,248.45,244.25,246.75,153778.19
1699488000000,246.75,256.45,239.7,251.85,371580.41
1699574400000,251.85,258.3,248.15,251.1,181534.48
1699660800000,251.1,255.5,245.95,251.6,129879.63
1699747200000,251.6,252.05,243.75,247.75,99644.54
1699833600000,247.75,250.4,240.15,241.25,132813.52
1699920000000,241.25,249.75,233.65,242.4,230654.32
1700006400000,242.4,254.75,242.3,253.95,163237.97
1700092800000,253.95,256.15,240.1,242.8,195731.1
1700179200000,242.8,246.05,238.4,244.9,125812.85
1700265600000,244.9,245.3,238.4,244.7,78065.15
1700352000000,244.7,246.9,241.8,246.4,60580.06
1700438400000,246.4,271,235.5,253.25,1066815.78
1700524800000,253.25,273.15,223.75,225.4,2742566.75
1700611200000,225.4,238.5,224.35,236.3,802257.96
1700697600000,236.3,239.4,230.15,233.65,282401.56
1700784000000,233.65,236.95,231.5,232.85,218462.16
1700870400000,232.85,235.9,232.15,234.3,99657.17
1700956800000,234.3,234.4,227.65,231.7,121897.06
1701043200000,231.7,232.95,222.2,227.2,271577.75
1701129600000,227.2,231.85,224.05,229.5,149784.43
1701216000000,229.5,231.35,226.15,227.25,98285.44
1701302400000,227.25,229.25,226.05,227.6,66600.06
1701388800000,227.6,230.2,227.05,228.6,88437.04
1701475200000,228.6,230.7,226.4,229.1,128613.88
1701561600000,229.1,232.1,225.95,228.25,168156.5
1701648000000,228.25,237.7,224.15,233.65,437960.41
1701734400000,233.65,235.1,227.9,231.45,177924.06
1701820800000,231.45,235,228.55,229.5,244033.49
1701907200000,229.5,235,228.25,232.9,211632.11
1701993600000,232.9,240.25,232.3,239.2,244201.43
1702080000000,239.2,245.95,236.1,237.9,277951.56
1702166400000,237.9,241.5,236.7,240.05,128971.81
1702252800000,240.05,248.4,225.9,246.6,723493.08
1702339200000,246.6,257.35,245.65,253.65,469497.51
1702425600000,253.65,256,244.2,251.8,265229.7
1702512000000,251.8,254.1,245.65,253.2,214777.62
1702598400000,253.2,253.4,242.1,244.45,118084.46
1702684800000,244.45,248.2,242.5,244.15,72191.48
1702771200000,244.15,244.35,238.85,239.05,79368.3
1702857600000,239.05,242.05,232.05,241.95,144247.23
1702944000000,241.95,254.55,241.6,252.35,326900.26
1703030400000,252.35,261.55,250.2,260.05,247944.67
1703116800000,260.05,274.95,256.1,272.1,330843.75
1703203200000,272.1,276.25,265,271.05,244930.2
1703289600000,271.05,272.1,265.35,270.85,83908.79
1703376000000,270.85,272.25,260.85,264.1,133876.29
1703462400000,264.1,268.3,261.25,266.75,91683.82
1703548800000,266.75,303.15,264.1,297.75,747807.66
1703635200000,297.75,324.35,285.45,324,575666.75
1703721600000,324,337.9,319.2,322.35,593444.97
1703808000000,322.35,325.45,306.5,313.5,367840.2
1703894400000,313.5,320.55,312,316.9,121728.42
1703980800000,316.9,324.9,306.8,311.5,172949.46
1704067200000,311.5,315.6,306.95,313.75,124448.02
1704153600000,313.75,321.5,305.85,312.1,174613.68
1704240000000,312.1,337.3,274.4,315.65,675539.12
1704326400000,315.65,324.1,310.55,323.2,180648.2
1704412800000,323.2,326.85,307.8,317.3,191289.33
1704499200000,317.3,317.3,299.7,307.3,159507.33
1704585600000,307.3,309.4,299.25,302.05,69208.8
1704672000000,302.05,307.7,285,303.85,197747.16
1704758400000,303.85,307,295.7,301.3,197811.16
1704844800000,301.3,310.35,288.95,305.9,160552.39
1704931200000,305.9,317.15,301.4,308.6,187042.6
1705017600000,308.6,313.35,288.7,296.9,184773.21
1705104000000,296.9,303.35,290.9,302.2,66982.27
1705190400000,302.2,306.85,298.95,299.75,78989.15
1705276800000,299.75,321.85,299.75,317.15,393089.4
1705363200000,317.15,319.3,312.7,315,192810.99
1705449600000,315,316.25,306.45,309.2,237983.32
1705536000000,309.2,315.15,305.55,312.65,139801.59
1705622400000,312.65,315.9,304.5,314.4,173181.63
1705708800000,314.4,317.25,311.85,317.05,71490.52
1705795200000,317.05,321.6,316.05,318.45,84194.35
1705881600000,318.45,320.05,303.2,305.7,166535.56
1705968000000,305.7,311.3,290.15,298.6,179506.27
1706054400000,298.6,300.35,289.65,292.95,147558.42
1706140800000,292.95,296.45,287.35,292,172095.62
1706227200000,292,303.95,290.6,302,118215.75
1706313600000,302,307.6,301.65,305.5,61273.42
1706400000000,305.5,308.85,303.05,305.2,61610.94
1706486400000,305.2,310.9,304.4,310.65,51552.7
1706572800000,310.65,313.05,306.2,307.45,53505.36
1706659200000,307.45,307.95,298.35,300.4,71287.32
1706745600000,300.4,302.05,296.3,300,81605.07
1706832000000,300,305.05,299.65,301.15,47591.65
1706918400000,301.15,303.65,299.25,299.55,34359.03
1707004800000,299.55,307.75,297.85,304.6,124728.21
1707091200000,304.6,306.9,298.9,301.05,149350.42
1707177600000,301.05,303.6,300.7,302.6,54464.74
1707264000000,302.6,308.6,300.7,307.35,96736.61
1707350400000,307.35,320.2,307.35,318.5,269035.79
1707436800000,318.5,325.7,317,323.75,170569.68
1707523200000,323.75,324.8,318.45,322.6,58086.45
1707609600000,322.6,324.3,319.55,320.35,60755.82
1707696000000,320.35,330.6,315.25,327.55,116587.44
1707782400000,327.55,328.95,317.6,324.25,103334.27
1707868800000,324.25,334.75,322.95,333.55,106036.61
1707955200000,333.55,366.4,332.5,353.8,355894.17
1708041600000,353.8,367.85,350.6,360.4,215223.89
1708128000000,360.4,363.45,347.9,352.3,133783.86
1708214400000,352.3,357.9,348.7,349.8,100557.17
1708300800000,349.8,356.7,349.1,351.9,144728.63
1708387200000,351.9,361.7,344.45,354.95,255426.49
1708473600000,354.95,378.85,351.15,378.7,492393.28
1708560000000,378.7,387.2,373.05,382.25,313908.21
1708646400000,382.25,385.4,368.4,375.15,175989.55
1708732800000,375.15,382.65,371.05,381.2,68910.38
1708819200000,381.2,390.85,377.3,388.05,113540.85
1708905600000,388.05,404.75,381.75,401.4,254350.42
1708992000000,401.4,403.45,388.8,394.25,180658.48
1709078400000,394.25,426.9,393.65,414.55,264232.72
1709164800000,414.55,419.8,391.05,399.55,202571.91
1709251200000,399.55,408.9,399.15,407.75,81454.02
1709337600000,407.75,415.4,406.2,411.2,83481.6
1709424000000,411.2,417.35,401.85,414.85,115563.15
1709510400000,414.85,424.45,410.7,419.05,161282.37
1709596800000,419.05,428.2,350.55,394.4,520118.67
1709683200000,394.4,434.65,386,429.55,421837.56
1709769600000,429.55,477.1,423.35,474.5,221676.33
1709856000000,474.5,489.7,463.3,485.35,249901.9
1709942400000,485.35,494.15,480.1,488.15,114743.52
1710028800000,488.15,538,484.65,529,302776.61
1710115200000,529,534.55,504.55,523.3,242437.2
1710201600000,523.3,548.4,519.3,537.85,406203.36
1710288000000,537.85,634.9,532.4,631.3,416694.73
1710374400000,631.3,632.15,565.75,603.95,408466.78
1710460800000,603.95,636.15,542.25,633.25,491627.56
1710547200000,633.25,645.9,567.85,576.75,317840.37
1710633600000,576.75,590.9,548.25,571.45,220951.28
1710720000000,571.45,587.6,540.35,555.65,282210.78
1710806400000,555.65,560.95,495.9,507.9,332194.84
1710892800000,507.9,559.7,500.15,556.95,227300.99
1710979200000,556.95,571.5,540.85,554.15,210732.68
1711065600000,554.15,588,532.55,554.35,243277.79
1711152000000,554.35,568.2,543.8,552.1,125830.49
1711238400000,552.1,573.75,549.3,568.35,83370.69
1711324800000,568.35,598.55,565.25,587.3,184895.84
1711411200000,587.3,597.8,571.95,580.9,99581.09
1711497600000,580.9,586.45,563.5,574.85,114654.78
1711584000000,574.85,592.3,574.7,584,88141.5
1711670400000,584,621,583.05,612.45,255774.62
1711756800000,612.45,612.95,595.25,600.3,99260.18
1711843200000,600.3,608.3,600.05,606.15,47737.17
1711929600000,606.15,607.2,568.25,576.1,163352.53
1712016000000,576.1,578.55,546.9,551.8,173906.49
1712102400000,551.8,568.45,539.5,562.25,138651.55
1712188800000,562.25,597.3,561.25,584.35,218718.78
1712275200000,584.35,590.15,563.7,577.6,131254.84
1712361600000,577.6,590.85,574.55,585.1,57298.74
1712448000000,585.1,590.3,577.35,583.45,64102.47
1712534400000,583.45,600.75,577.05,586.6,95426.14
1712620800000,586.6,590.45,571.7,580.9,97725.6
1712707200000,580.9,611.4,573.4,610.35,193709.97
1712793600000,610.35,618.8,591.2,605.15,211154.7
1712880000000,605.15,634.35,562.65,595.1,460417.9
1712966400000,595.1,599.3,493.25,552.95,482135.68
1713052800000,552.95,570.5,535.4,565.95,263173.29
1713139200000,565.95,584.95,543.55,552.1,230547.16
1713225600000,552.1,553.55,522.1,537.4,169343.59
1713312000000,537.4,547.4,512.15,533.95,177580.47
1713398400000,533.95,555.95,526.75,551.75,224263.83
1713484800000,551.75,563.85,523.5,553.65,130681.6
1713571200000,553.65,574.2,548.4,570.3,52136.46
1713657600000,570.3,582.3,565.85,579.25,74138.22
1713744000000,579.25,608.8,578.2,604.5,218610.9
1713830400000,604.5,624,598.6,605.8,216202.37
1713916800000,605.8,618.3,592,608.4,220889.93
1714003200000,608.4,617.4,600.25,612.35,190686.11
1714089600000,612.35,614.45,595.75,597.3,111793.74
1714176000000,597.3,598.9,583.45,595.6,86829.64
1714262400000,595.6,607.05,595.55,599.3,58651.35
1714348800000,599.3,601.95,579,592.65,123844.13
1714435200000,592.65,604.2,555.1,577.8,342560.63
1714521600000,577.8,579.8,535.9,561.5,207562.2
1714608000000,561.5,565.55,540.85,560.1,99438.53
1714694400000,560.1,589.7,558.5,586.8,103591.8
1714780800000,586.8,593.05,582.15,584.8,66039.52
1714867200000,584.8,594.6,578.75,591.55,66331.56
1714953600000,591.55,602.05,582.2,587.75,89948.03
1715040000000,587.75,599.95,575.3,575.85,116801.99
1715126400000,575.85,589.9,573.7,588.05,101330.5
1715212800000,588.05,606.5,586.25,596.3,171400.53
1715299200000,596.3,596.95,580.8,585.15,91865.04
1715385600000,585.15,594.55,581.35,591.8,58141.9
1715472000000,591.8,598.5,586.8,594.15,54892.22
1715558400000,594.15,598,584.3,591.25,112790.14
1715644800000,591.25,592.7,560.05,566.5,132961.06
1715731200000,566.5,586.5,560.5,580.9,113164.88
1715817600000,580.9,586,564.8,568.65,106565.91
1715904000000,568.65,584.1,568.05,580.5,63000.43
1715990400000,580.5,581.6,573.7,580.1,39516.57
1716076800000,580.1,581.7,570.75,574.3,50050.97
1716163200000,574.3,602.25,568.15,599.75,145388.68
1716249600000,599.75,632.4,593.45,619.15,297471.7
1716336000000,619.15,626.9,610,615.4,159782.22
1716422400000,615.4,618.15,575.35,599.55,232593.94
1716508800000,599.55,605.4,588.2,600.35,88062.18
1716595200000,600.35,606.8,599.5,602.25,29195.25
1716681600000,602.25,605.45,598.2,600.4,25175.88
1716768000000,600.4,614.95,599.8,604.25,65024.7
1716854400000,604.25,606.15,593.9,601.95,75704.03
1716940800000,601.95,603.95,593.5,595.85,56404.22
1717027200000,595.85,602.85,585.9,595.25,75297.75
1717113600000,595.25,598.9,589.75,593.85,58584.32
1717200000000,593.85,608.85,593.45,602.35,43943.5
1717286400000,602.35,606.3,596.25,603.35,66812.35
1717372800000,603.35,639.7,601.7,627.05,307824.43
1717459200000,627.05,689.5,625.35,686.3,401557.67
1717545600000,686.3,718.3,666,699.6,407482.14
1717632000000,699.6,722.85,692.5,711.35,311714.2
1717718400000,711.35,712.15,652.1,684.2,337821.91
1717804800000,684.2,695,677.7,682.55,127571.36
1717891200000,682.55,684.6,669.2,673.05,94688.16
1717977600000,673.05,674.9,613.7,624.7,384444.19
1718064000000,624.7,628.75,595.05,602,351640.99
1718150400000,602,634.6,590.75,619.1,256392.89
1718236800000,619.1,619.65,595.1,599.35,159210.95
1718323200000,599.35,612.2,588.85,602.95,163193.74
1718409600000,602.95,609.45,601.1,607.85,81607.75
1718496000000,607.85,611.7,600.8,610.65,49832.16
1718582400000,610.65,612.4,590.7,603.8,125552.25
1718668800000,603.8,604.8,574.4,588.4,216868.69
1718755200000,588.4,606.2,586.55,598.95,136188.76
1718841600000,598.95,611.05,584.4,587.25,120588.76
1718928000000,587.25,589.3,577.2,586,91887.95
1719014400000,586,591.25,580.35,590.9,42149.64
1719100800000,590.9,592.85,575.55,577.25,58363.5
1719187200000,577.25,581.7,550.9,567.75,147976.98
1719273600000,567.75,579.6,566.45,577.85,62897.73
1719360000000,577.85,584.2,567.05,572.8,71413.14
1719446400000,572.8,584.45,566.2,581.3,66664.33
1719532800000,581.3,584.9,565.3,567.1,63046.21
1719619200000,567.1,573.8,566.65,569.85,41805.99
1719705600000,569.85,584.65,567.85,581.95,48814.9
1719792000000,581.95,587.75,575.9,576.6,72211.91
1719878400000,576.6,581.65,573.7,579.65,60629.62
1719964800000,579.65,580.65,550.05,556.4,119236.7
1720051200000,556.4,557.8,510.85,513,217450.61
1720137600000,513,515.7,454.05,497.3,335877.61
1720224000000,497.3,530.5,495.6,525.85,75896.9
1720310400000,525.85,526.6,488.1,490.55,105503.16
1720396800000,490.55,524.1,470.05,510.3,206486.98
1720483200000,510.3,521,506.35,516.45,70788.61
1720569600000,516.45,529.25,511.05,524.35,67967.45
1720656000000,524.35,547.35,519.2,524.6,139237.61
1720742400000,524.6,537.2,516.8,533.5,79919.58
1720828800000,533.5,539.1,526.95,532.15,57238.32
1720915200000,532.15,547.35,530.85,544.55,52623.69
1721001600000,544.55,586.35,543.7,584.85,120594.27
1721088000000,584.85,587.1,554.25,575.8,108307.62
1721174400000,575.8,583.9,563.95,568.5,61272.83
1721260800000,568.5,579.15,561.2,571.6,58269.5
1721347200000,571.6,598.7,564.65,593,171425.17
1721433600000,593,597.65,586.3,592.6,62494.6
1721520000000,592.6,603.7,580.8,602,74523.65
1721606400000,602,605.4,586.1,587,64018.04
1721692800000,587,593.35,576.55,581.75,68873.27
1721779200000,581.75,588.6,569.8,574.6,53158.62
1721865600000,574.6,575.9,552.85,570.4,92356.64
1721952000000,570.4,582.75,570.05,580.6,42476.77
1722038400000,580.6,592.65,572.45,581.45,71436.54
1722124800000,581.45,584.8,574.25,583.75,27393.45
1722211200000,583.75,596.95,572,573.9,71128.43
1722297600000,573.9,588,566.5,587.8,47928.77
1722384000000,587.8,592.7,574.7,576.3,53006.45
1722470400000,576.3,577.8,553.3,574.75,79503.11
1722556800000,574.75,577.35,540.05,542.7,91095.21
1722643200000,542.7,545.05,520.85,529.25,103031.91
1722729600000,529.25,531.75,486.35,496.5,114439.36
1722816000000,496.5,499.65,398.05,463.95,776584.01
1722902400000,463.95,493.75,463.15,484.5,151582.17
1722988800000,484.5,497.15,467.75,474.75,144072.47
1723075200000,474.75,521.5,467.15,516.85,131534.31
1723161600000,516.85,518.05,498.35,508.5,80921.97
1723248000000,508.5,525,506.9,522.8,46623.14
1723334400000,522.8,535.8,501.8,503.15,83148.32
1723420800000,503.15,523.95,498.85,518.25,170811.39
1723507200000,518.25,527.15,511.8,523.7,208483.86
1723593600000,523.7,531.75,514.8,523.05,98051
1723680000000,523.05,533.6,509.6,518.75,110088.98
1723766400000,518.75,524.3,509.35,519.25,92232.17
1723852800000,519.25,547.35,517.85,541.35,93421.85
1723939200000,541.35,542.2,530.55,530.8,60140.3
1724025600000,530.8,560.9,528.6,558.25,142131.12
1724112000000,558.25,574.55,557.8,569,295968.54
1724198400000,569,586.5,545.6,569.8,199088.71
1724284800000,569.8,589.6,559.3,582.65,202609.41
1724371200000,582.65,598.2,573.75,591.4,177011.04
1724457600000,591.4,592,574.35,580.45,152716.07
1724544000000,580.45,583.75,568.15,573.5,91912.11
1724630400000,573.5,575.2,545.95,547.95,130664.56
1724716800000,547.95,557.95,519.4,533.05,166564.11
1724803200000,533.05,546.35,522.05,536.6,141034.96
1724889600000,536.6,545.25,530.4,536.1,88308.23
1724976000000,536.1,543,521.3,534.8,88184.42
1725062400000,534.8,541.1,530.8,532.5,30114.79
1725148800000,532.5,533.25,506.95,512,74727.51
1725235200000,512,529.9,501.3,526.1,78100.57
1725321600000,526.1,538.05,517.6,518.35,79422.76
1725408000000,518.35,523.4,495.35,507.4,156709.43
1725494400000,507.4,512.4,496.55,502.2,83981.84
1725580800000,502.2,509.6,470.65,486.9,205306.39
1725667200000,486.9,499.1,482.75,493.2,88878.06
1725753600000,493.2,506.6,490.45,502.8,90021.22
1725840000000,502.8,525.55,501.55,518.35,98327.87
1725926400000,518.35,523.95,513.2,516.7,96452.81
1726012800000,516.7,535.85,505.85,529.9,164336.86
1726099200000,529.9,548.7,529.75,544.2,181967.72
1726185600000,544.2,559.55,538.2,555.85,188695.63
1726272000000,555.85,558.95,547.05,553.1,47866.05
1726358400000,553.1,561.55,550.8,552.9,94311.46
1726444800000,552.9,554.9,526.6,533.4,166732.33
1726531200000,533.4,552.4,528.45,545.85,107786.18
1726617600000,545.85,559.65,536.45,559.35,86367.77
1726704000000,559.35,571.7,552.7,566.65,150595.73
1726790400000,566.65,576.8,558.4,568.75,98547.51
1726876800000,568.75,590.15,565.65,588.45,98262.91
1726963200000,588.45,594.25,575.7,588.3,100996.66
1727049600000,588.3,616.45,582.95,604.35,204047.29
1727136000000,604.35,613.2,598,605.6,143940.12
1727222400000,605.6,607.95,583.75,587.2,136799.44
1727308800000,587.2,609,580.65,596,173349.38
1727395200000,596,614.8,595.45,606.65,238713.75
1727481600000,606.65,618.55,594.05,600.7,157007.64
1727568000000,600.7,602.6,592.15,595.25,78048.65
1727654400000,595.25,595.5,562.8,567,169808.4
1727740800000,567,582.7,535.85,546.95,201907.44
1727827200000,546.95,558.1,534.35,542.2,119480.44
1727913600000,542.2,550.4,533.65,544.45,94306.33
1728000000000,544.45,557.8,541.45,555.15,76762.03
1728086400000,555.15,564.75,551.4,562.65,46889.03
1728172800000,562.65,571.7,560.5,570.05,37500.44
1728259200000,570.05,581.5,563.2,564,82562.32
1728345600000,564,586.35,559,580.1,121467.46
1728432000000,580.1,584.95,565.7,570.25,102833.44
1728518400000,570.25,572.65,551.1,563.65,67149.73
1728604800000,563.65,577.95,560,573.4,70054.08
1728691200000,573.4,578.85,573.15,576.1,58564.22
1728777600000,576.1,578.05,564.3,571.95,40986.87
1728864000000,571.95,592.1,569.4,588.9,110172.74
1728950400000,588.9,599.75,577.15,594.5,165122.55
1729036800000,594.5,605.55,589.4,600.7,107534.23
1729123200000,600.7,606.45,584.45,592.45,71391.57
1729209600000,592.45,602.2,591.5,598.8,71407.84
1729296000000,598.8,601,595,597.7,35823.66
1729382400000,597.7,607.35,592.85,605.95,46985.63
1729468800000,605.95,612.1,591.25,598.45,106872.98
1729555200000,598.45,599.8,586.65,593.55,99679.36
1729641600000,593.55,594.6,572.45,584.55,81484.55
1729728000000,584.55,598.15,583,594.4,54811.99
1729814400000,594.4,597.65,564.05,574.45,112664.42
1729900800000,574.45,586.85,570.5,583.1,45906.12
1729987200000,583.1,590.7,581.3,589.05,29122.69
1730073600000,589.05,604.5,585.15,600.95,67237.5
1730160000000,600.95,612.55,599.75,606.4,109908.11
1730246400000,606.4,606.7,594.2,595.6,61718.19
1730332800000,595.6,596.35,570.8,576.15,82085.43
1730419200000,576.15,585.2,567.35,572.7,89597.91
1730505600000,572.7,576.5,561.9,568.35,44582.31
1730592000000,568.35,569,546.4,557.5,64352.7
1730678400000,557.5,564.5,542.95,552.25,98864.73
1730764800000,552.25,571.7,550.8,563.05,88395.21
1730851200000,563.05,595,562.6,592.2,184569.34
1730937600000,592.2,611.7,587.2,598.5,146581.61
1731024000000,598.5,606.4,588,598.15,112308.18
1731110400000,598.15,638.55,597.85,625.25,279150.38
1731196800000,625.25,645,611.5,627.9,286968.45
1731283200000,627.9,666.45,613.3,660.6,315093.02
1731369600000,660.6,668.35,612.25,625.75,406900.53
1731456000000,625.75,639.4,598.85,621.2,308472.79
1731542400000,621.2,661.05,611.1,622.65,349671.88
1731628800000,622.65,628.8,603.4,619.6,174633.65
1731715200000,619.6,634.4,617.6,623.3,126652.15
1731801600000,623.3,648.55,605.3,619.25,233738
1731888000000,619.25,634.25,612.4,619.55,204326.41
1731974400000,619.55,622.5,605.5,616.1,146917.9
1732060800000,616.1,621.5,600.05,605.8,143252.27
1732147200000,605.8,631.5,593.1,622.45,183312.66
1732233600000,622.45,640.25,615.55,633.6,186859.5
1732320000000,633.6,681.3,631.7,651.1,311865.26
1732406400000,651.1,688.85,637.25,660.35,290799.46
1732492800000,660.35,677.45,626.7,636.6,249960.26
1732579200000,636.6,646.4,600.05,614,260322.76
1732665600000,614,647.1,608.25,644.85,166785.07
1732752000000,644.85,664.55,640.4,654.6,195874.26
1732838400000,654.6,665,648.8,655.2,171505.5
1732924800000,655.2,678.3,648.25,653.9,197944.39
1733011200000,653.9,665,645.25,656.75,142602.53
1733097600000,656.75,668.35,628.2,648.55,302056.44
1733184000000,648.55,750,622.8,736.15,605184.76
1733270400000,736.15,795,721.4,740.4,750671.8
1733356800000,740.4,740.65,690.2,717.95,500117.97
1733443200000,717.95,746.8,705.4,731,258786.03
1733529600000,731,762.2,730.45,750.3,193074.31
1733616000000,750.3,758.1,728.05,742.65,144380.95
1733702400000,742.65,743.35,617.65,688.95,445873.63
1733788800000,688.95,704.9,648.75,676.85,321809.94
1733875200000,676.85,713.05,658.65,711.4,164006.68
1733961600000,711.4,726.3,699.3,706.1,191596.8
1734048000000,706.1,730.05,697,725.6,205786.71
1734134400000,725.6,732.1,704.6,715.75,113627.4
1734220800000,715.75,724.15,702.05,719.1,84617.89
1734307200000,719.1,730.5,704,720.7,141900.5
1734393600000,720.7,737.55,712.3,717.4,141762.59
1734480000000,717.4,722.4,679.05,685.9,216448.46
1734566400000,685.9,705.15,647,665.25,261048.14
1734652800000,665.25,679.75,616.1,678.25,272035.3
1734739200000,678.25,693.1,650.55,663.25,146190.73
1734825600000,663.25,669.55,638.75,649.45,109515.51
1734912000000,649.45,698.2,637.5,693.9,196004.1
1734998400000,693.9,698.8,682.4,696.5,100338.95
1735084800000,696.5,713.1,694.9,702.2,91916.21
1735171200000,702.2,719.95,681.95,688.8,128542.03
1735257600000,688.8,711.3,685.05,691.3,126915.57
1735344000000,691.3,731.05,690.85,721.9,106179.15
1735430400000,721.9,724.25,689.35,694.35,107924.85
1735516800000,694.35,712.2,686.7,704.85,90135.32
1735603200000,704.85,714.45,697.85,702,80701.19
1735689600000,702,710.6,699.75,707.35,43030.83
1735776000000,707.35,715.6,697.8,706.05,109287.91
1735862400000,706.05,715.85,696.2,714.9,86381.16
1735948800000,714.9,721.6,707.5,712.9,66954.82
1736035200000,712.9,713.55,702,708.9,42755.87
1736121600000,708.9,745.3,705.7,729.4,109444.59
1736208000000,729.4,732.95,689.7,697.15,150922.17
1736294400000,697.15,706.65,673.6,695.45,134756.33
1736380800000,695.45,701.4,673.9,684.8,97685.01
1736467200000,684.8,700.4,682.5,692.9,79725.29
1736553600000,692.9,701,689.9,696.25,22670.52
1736640000000,696.25,698.25,689.3,692.7,22797.36
1736726400000,692.7,699.75,656.9,688.4,129567.31
1736812800000,688.4,700,685.85,698.6,53594
1736899200000,698.6,715.65,688.15,714.55,118298.45
1736985600000,714.55,717.6,700.3,707.7,109478.21
1737072000000,707.7,730.05,707.7,721.4,90446.82
1737158400000,721.4,723,694.4,709.6,104609.61
1737244800000,709.6,714.75,675.5,682.95,174247.84
1737331200000,682.95,709.4,669.75,682.45,202448.3
1737417600000,682.45,697.8,674.3,692,99686.2
1737504000000,692,704,689.9,695.3,73719.22
1737590400000,695.3,697.7,679.7,689.75,93817.91
1737676800000,689.75,691.25,678.25,680.15,76420.03
1737763200000,680.15,689.9,677.25,686.35,41739.06
1737849600000,686.35,690.75,664.1,666.55,55704.82
1737936000000,666.55,680.4,636.35,679.8,139467.23
1738022400000,679.8,682.85,658.75,660.85,100943.27
1738108800000,660.85,679.25,658.65,667.3,73173.37
1738195200000,667.3,682.65,665.5,677.45,67394.83
1738281600000,677.45,689.25,673.2,677.3,58342.42
1738368000000,677.3,681.35,650.05,652.45,52029.7
1738454400000,652.45,662.75,598.6,617.6,173267.47
1738540800000,617.6,619,496.15,616.7,471303.71
1738627200000,616.7,618.8,557.4,572.5,168989.72
1738713600000,572.5,579.55,560.7,569.25,70831.95
1738800000000,569.25,589.2,568.45,571.35,104663.09
1738886400000,571.35,589.65,570,577.45,79554.56
1738972800000,577.45,633,573.3,612.1,182235.47
1739059200000,612.1,646.75,601.85,615.45,288721.24
1739145600000,615.45,622.2,595.75,618.2,157339.82
1739232000000,618.2,646.5,614.65,641.45,202988.46
1739318400000,641.45,706,626.4,696.4,384771.07
1739404800000,696.4,731.55,658.95,664.05,887774.57
1739491200000,664.05,684.45,650.85,659.4,291270.8
1739577600000,659.4,671.25,652.95,661.6,119213.42
1739664000000,661.6,684.75,652.7,672.65,163796.46
1739750400000,672.65,681.75,657.2,667.05,163510.72
1739836800000,667.05,667.9,629.4,647.85,158895.45
1739923200000,647.85,664.2,637.15,653,158512.95
1740009600000,653,658.9,645.5,655.7,114616.85
1740096000000,655.7,667.75,634.75,648.55,148468.55
1740182400000,648.55,680.45,646.2,668.35,122246.54
1740268800000,668.35,671.2,648.15,657.9,48027.59
1740355200000,657.9,659.2,609.3,614.1,119336.97
1740441600000,614.1,628,585.7,622.8,234457.34
1740528000000,622.8,632.05,593.55,611.3,136940.18
1740614400000,611.3,619.25,595.15,605.15,88414.79
1740700800000,605.15,605.9,559.35,587.6,151852.5
1740787200000,587.6,609,586.05,607.25,81844.56
1740873600000,607.25,634.3,600.9,623.35,143630.83
1740960000000,623.35,623.65,567,575.7,164611.87
1741046400000,575.7,588.25,545.85,583.75,152630.11
1741132800000,583.75,605.45,580.35,597.9,75315.67
1741219200000,597.9,611.8,588.8,596.1,91372.42
1741305600000,596.1,610.1,576.75,594.25,132248.58
1741392000000,594.25,602.1,589.7,592.55,53288.67
1741478400000,592.55,592.55,549.5,554.25,81789.02
1741564800000,554.25,573.25,522.7,530.95,144771.41
1741651200000,530.95,565.25,506.4,551.4,193607.38
1741737600000,551.4,576.2,544.1,569.5,182478.22
1741824000000,569.5,613.4,567.7,579.5,367734.24
1741910400000,579.5,589.4,576,587.6,79566.93
1741996800000,587.6,619.6,587.4,619.5,75260.93
1742083200000,619.5,622.55,592.7,601.9,119780.25
1742169600000,601.9,643.5,601.9,631.2,278775.62
1742256000000,631.2,642.8,619.7,627.4,212952.72
1742342400000,627.4,627.7,604.1,617.9,209089.72
1742428800000,617.9,637.4,615.7,629.9,261655.8
1742515200000,629.9,637.2,624.5,634.6,109872.59
1742601600000,634.6,635.5,623.1,626.6,64998.93
1742688000000,626.6,628.8,618.8,623.2,57294.22
1742774400000,623.2,639.2,617.2,636.7,162512.31
1742860800000,636.7,644.8,626.5,629.6,188928.22
1742947200000,629.6,633.8,614.6,617.7,86927.09
1743033600000,617.7,642.2,616.7,636.8,264944.22
1743120000000,636.8,636.9,615.3,619.2,137407.08
1743206400000,619.2,623.2,596.2,602.5,123447.6
1743292800000,602.5,612.5,592.7,601.8,72972.02
1743379200000,601.8,608.6,586.6,604.5,121537.23
1743465600000,604.5,618,604.2,610.8,235171.39
1743552000000,610.8,611.8,583.9,589.9,219419.63
1743638400000,589.9,609.7,578,592.3,201257.86
1743724800000,592.3,599.7,584.4,597.5,92951.62
1743811200000,597.5,598.8,588.5,592.8,34362.13
1743897600000,592.8,593.4,543.7,555.1,141801.58
1743984000000,555.1,567.6,517.4,554.1,325766.88
1744070400000,554.1,565.6,547.2,553.4,107702.94
1744156800000,553.4,585.7,534.1,582,198291.74
1744243200000,582,583.2,565.7,577.8,168269.38
1744329600000,577.8,589.9,575.4,585.7,64930.03
1744416000000,585.7,600.1,583.5,596.9,71448.9
1744502400000,596.9,598.2,579.4,583.8,50575.69
1744588800000,583.8,592.8,582.6,584,52249.01
1744675200000,584,590.6,578.9,579,43910.01
1744761600000,579,586.7,575.5,582.5,53657.41
1744848000000,582.5,592.9,580.5,590.3,57442.14
1744934400000,590.3,595.6,586.6,591.4,66023.01
1745020800000,591.4,593.9,587.2,591.3,43571.51
1745107200000,591.3,595,586.9,592.2,56753.84
1745193600000,592.2,608.3,592.1,596.9,72302.13
1745280000000,596.9,619.8,594.3,618.1,90795.21
1745366400000,618.1,619.9,601,605.3,115391.9
1745452800000,605.3,606.7,592.2,601.2,84385.21
1745539200000,601.2,609.9,596.7,599.6,82261.84
1745625600000,599.6,609.2,598.9,607,51331.48
1745712000000,607,608.5,596.6,603.4,46335.61
1745798400000,603.4,608.1,597.8,605.7,64080.1
1745884800000,605.7,610.7,597.2,600.6,69306.15
1745971200000,600.6,604.3,590.5,599.3,64878.38
1746057600000,599.3,605.4,597.6,599.1,68814.02
1746144000000,599.1,603.4,594.3,600.6,51066.17
1746230400000,600.6,601,594.7,598.9,36673.87
1746316800000,598.9,600.2,584.1,585.6,53058.36
1746403200000,585.6,599.8,583.1,597.2,69115.61
1746489600000,597.2,603,592.8,602.4,78728.5
1746576000000,602.4,608.9,597.4,602.5,68111.62
1746662400000,602.5,629.1,600.5,629,119592.07
1746748800000,629,670.5,622.7,666.3,160926.32
1746835200000,666.3,678.9,648.4,663.8,157381.58
1746921600000,663.8,668.5,647.7,651.1,107966.72
1747008000000,651.1,693.2,646.8,660.1,209030.93
1747094400000,660.1,671.2,640.2,664.1,134137.71
1747180800000,664.1,666.2,646.8,652.2,79401.85
1747267200000,652.2,661.3,641.9,651.5,119223.63
1747353600000,651.5,659.6,643.3,646.1,69690.96
1747440000000,646.1,646.4,633.4,639.2,61283.1
1747526400000,639.2,654.8,633.5,651.2,77036.21
1747612800000,651.2,653.3,632.8,649.5,65843.03
1747699200000,649.5,653.6,640.1,649.8,50385.06
1747785600000,649.8,678,648.4,673.2,131914.46
1747872000000,673.2,689.6,673,686.1,108229.28
1747958400000,686.1,691.3,653.5,656.5,104571.96
1748044800000,656.5,676.9,655,667.5,61160.19
1748131200000,667.5,671.2,656.4,668.9,59406.61
1748217600000,668.9,677.5,667.5,673.8,55566.09
1748304000000,673.8,697.7,665.9,686.8,95352.09
1748390400000,686.8,688.8,679.5,686.4,75059.77
1748476800000,686.4,690.8,672.8,674.5,136330.62
1748563200000,674.5,678,652.6,654.9,97424.78
1748649600000,654.9,661.1,645,657.5,60424.54
1748736000000,657.5,662.1,647,660.5,49142.68
1748822400000,660.5,666.8,649.4,665.7,55015.54
1748908800000,665.7,673.4,656.6,661.1,50783.78
1748995200000,661.1,671.7,660.4,662.7,47739.89
1749081600000,662.7,670.6,624.8,632.8,118095.81
1749168000000,632.8,650.8,628.8,642.2,55585.31
1749254400000,642.2,653.4,639,650.3,31753.39
1749340800000,650.3,656,646.1,651.6,29217.93
1749427200000,651.6,667.6,647.5,665.3,41982.9
1749513600000,665.3,674,656.7,673.2,62128.64
1749600000000,673.2,673.9,661.7,667.1,70950.85
1749686400000,667.1,669.8,651.2,654.2,67074.15
1749772800000,654.2,659.2,638.2,655.1,89015.25
1749859200000,655.1,655.1,638.4,645.2,38062.94
1749945600000,645.2,651.7,642.3,647.9,30049.41
1750032000000,647.9,659.2,646,650.3,48202.01
1750118400000,650.3,658.9,639.5,647.7,68674.27
1750204800000,647.7,653.8,636.7,644.2,52268.93
1750291200000,644.2,646.1,638.1,644.3,26315.91
1750377600000,644.3,650.9,637.6,641.2,52507.83
1750464000000,641.2,644.6,621.1,628.6,56191.15
1750550400000,628.6,635.2,600.7,615.5,86367.31
1750636800000,615.5,642.3,614.6,640,95073.58
1750723200000,640,643.8,635.7,643.2,41856.64
1750809600000,643.2,652.7,641.4,645.9,67359.11
1750896000000,645.9,649.8,640.6,641.9,44071.94
1750982400000,641.9,648.1,638.6,645.4,31451.28
1751068800000,645.4,648.8,643.8,648.3,18165.3
1751155200000,648.3,655.9,646.4,654.7,25604.17
1751241600000,654.7,660,651,656.8,41112.27
1751328000000,656.8,658.9,643.5,646.1,39831.51
1751414400000,646.1,664.4,643.3,659.5,58721.9
1751500800000,659.5,664.6,656.2,663.4,43063.84
1751587200000,663.4,663.9,649.6,653.1,38651.89
1751673600000,653.1,656.4,651.4,655.7,19434.28
1751760000000,655.7,664.9,653,662.7,44082.45
1751846400000,662.7,663.1,656.2,660.7,41272.23
1751932800000,660.7,662.3,657.1,660,37655.89
1752019200000,660,671.5,657.6,668.4,64117.03
1752105600000,668.4,687.5,667,685.6,73866.79
1752192000000,685.6,697.6,682,689.8,105352.23
1752278400000,689.8,696.9,678.2,685.5,71511.01
1752364800000,685.5,694.1,684.7,691.6,40851.15
1752451200000,691.6,707.5,685.4,688.6,129788.36
1752537600000,688.6,693.1,674.5,689.8,85987.57
1752624000000,689.8,715.5,684.9,708.7,101793.08
1752710400000,708.7,728.2,706.3,720.2,156338.67
1752796800000,720.2,766.1,717.1,737,178919.96
1624924800000,300.25,315.5,294.2,300.95,45539.46
1625011200000,300.95,304.7,281.45,302.8,65676.47
1625097600000,302.8,302.95,280.1,287.65,58628.1
1625184000000,287.65,290.65,275.95,287.15,59337.54
1625270400000,287.15,303.5,282.85,298.2,59050.84
1625356800000,298.2,315.2,291.9,307.8,54759.21
1625443200000,307.8,307.8,292.4,301.85,46926.46
1625529600000,301.85,321.9,301.85,319.75,60246.94
1625616000000,319.75,339.35,318.25,327.75,65554.37
1625702400000,327.75,327.8,304.25,309.7,60940.33
1625788800000,309.7,319.35,301.55,316.8,49154.09
1625875200000,316.8,320.95,310.4,316.1,48666.11
1625961600000,316.1,326.45,312.2,321.75,54240.6
1626048000000,321.75,335.45,308.45,315.7,52162.64
1626134400000,315.7,317.9,305.4,308.75,34823.09
1626220800000,308.75,312.95,289.4,309.2,46808.14
1626307200000,309.2,323.9,301.3,315.3,71184.04
1626393600000,315.3,323,301.8,302.95,73803.98
1626480000000,302.95,306.25,294.15,300.15,53886.99
1626566400000,300.15,309,299.1,302.1,52532.76
1626652800000,302.1,303.2,278.25,280,54368.16
1626739200000,280,283.25,254.05,264.45,79054.75
1626825600000,264.45,298.75,259.5,292.85,84124.09
1626912000000,292.85,298,287.35,293.15,50882.25
1626998400000,293.15,301.25,281.35,299.15,49317.66
1627084800000,299.15,307.65,295.25,301.65,39464.32
1627171200000,301.65,303.7,292.25,301.95,30278.13
1627257600000,301.95,328.75,300.8,303.9,72891.99
1627344000000,303.9,317.9,296.65,313.55,38787.36
1627430400000,313.55,319.9,307.8,313.55,36909.49
1627516800000,313.55,320.3,308.3,316.8,29745.87
1627603200000,316.8,325.6,306.25,322.45,33884.92
1627689600000,322.45,338.65,317.45,332.4,40170.49
1627776000000,332.4,347.85,329.15,332.8,47102.83
1627862400000,332.8,337.75,326.45,330.9,36771.75
1627948800000,330.9,334.7,317.15,323.2,34666.09
1628035200000,323.2,337.05,320,335.05,28624.56
1628121600000,335.05,339.8,323.5,338.15,35357
1628208000000,338.15,347.1,331.05,342,39500.3
1628294400000,342,359.8,340.5,356.3,45722.02
1628380800000,356.3,359.7,337.2,342.25,35837.57
1628467200000,342.25,357.5,333.6,354.75,45354.08
1628553600000,354.75,377,348.9,372,72508.17
1628640000000,372,409.3,371.8,391.45,78828.66
1628726400000,391.45,406.85,372.1,385.65,65729.52
1628812800000,385.65,411.7,383.1,411.4,50543.56
1628899200000,411.4,419.35,400,408.95,59437.19
1628985600000,408.95,414.85,396.5,414.4,40096.8
1629072000000,414.4,437.6,411.4,416.3,64987.83
1629158400000,416.3,435.95,399.1,402,59789.44
1629244800000,402,412.35,385.1,396.1,47529.63
1629331200000,396.1,432.1,391.25,431.35,54871.17
1629417600000,431.35,458.5,422.2,454.9,64572.6
1629504000000,454.9,461.35,445.4,449.3,60102.82
1629590400000,449.3,458.7,438.3,449.15,40691.42
1629676800000,449.15,510.6,447.4,499.85,138848.41
1629763200000,499.85,504.7,461.7,472.3,96315.41
1629849600000,472.3,507.8,470.35,503.7,105646.91
1629936000000,503.7,519.55,470.65,477.95,135090.48
1630022400000,477.95,495.35,467.45,494.8,74792.52
1630108800000,494.8,497.5,482.1,486.2,44703.12
1630195200000,486.2,496.1,476.55,479.9,44365.86
1630281600000,479.9,481.45,456.9,460.15,59457.94
1630368000000,460.15,477.7,452.3,464.95,67013.18
1630454400000,464.95,490.2,455.9,489.3,70164.74
1630540800000,489.3,504.65,478,484,81561.1
1630627200000,484,494.5,472.7,488.6,54577.66
1630713600000,488.6,510.65,486,498.4,63842.82
1630800000000,498.4,506,488.9,504.9,48947.75
1630886400000,504.9,510.15,487.25,496.1,56799.34
1630972800000,496.1,505.55,355,417,162947.89
1631059200000,417,425,382.3,414.5,61173.26
1631145600000,414.5,436.5,403.85,421.05,58620.02
1631232000000,421.05,439.6,393.35,401,53919.11
1631318400000,401,414.95,400,404.85,33212.9
1631404800000,404.85,421.35,397.55,416.6,34300.26
1631491200000,416.6,419.4,381.8,398.85,59852.13
1631577600000,398.85,414.15,395.85,414.15,38008.34
1631664000000,414.15,436.25,410.15,430.8,40261.39
1631750400000,430.8,433.05,416.05,424.6,42095.23
1631836800000,424.6,425.85,400.35,406.8,35911.34
1631923200000,406.8,419.65,401.8,410.65,24676.7
1632009600000,410.65,419.1,403.5,408.8,34200.89
1632096000000,408.8,409.95,353.75,363.95,67071.83
1632182400000,363.95,375.4,336.35,344,55358.03
1632268800000,344,379.45,342.25,379.05,38928.66
1632355200000,379.05,384.4,369.15,383.4,29379.27
1632441600000,383.4,384.7,333.55,355.1,53854.4
1632528000000,355.1,360.55,343.65,349.4,34667.65
1632614400000,349.4,352.3,319.35,344.25,55316.96
1632700800000,344.25,357.45,335.1,335.35,45359.61
1632787200000,335.35,344.5,329,332.9,55915.28
1632873600000,332.9,374.9,331.5,366.8,102037.23
1632960000000,366.8,388.65,365.15,387.1,81615.65
1633046400000,387.1,423,380.9,421.45,88651.42
1633132800000,421.45,437.85,411,426.9,55221.56
1633219200000,426.9,437.05,421.65,430.15,48016.44
1633305600000,430.15,430.5,410.65,426.25,50047.64
1633392000000,426.25,443.95,424.05,441.8,49903.76
1633478400000,441.8,442.25,414.65,434.55,61859.04
1633564800000,434.55,450.55,422.9,438.4,58726.06
1633651200000,438.4,441.4,416.1,419.2,58224.39
1633737600000,419.2,426,416.25,422.2,29143.33
1633824000000,422.2,422.45,401.95,404.5,44970.78
1633910400000,404.5,424,398.95,413.45,37265.52
1633996800000,413.45,444.95,392.4,444.75,127874.61
1634083200000,444.75,471.55,433.3,469.75,288024.81
1634169600000,469.75,482.8,458.8,471.9,105760.21
1634256000000,471.9,477.3,452.05,474.25,88489.65
1634342400000,474.25,485.4,456.25,464.85,70779.61
1634428800000,464.85,471,452.65,470.65,55953.56
1634515200000,470.65,487.5,466.3,484.75,70214.98
1634601600000,484.75,497.35,477.5,487.3,73732.42
1634688000000,487.3,506.45,480.1,501,64186.49
1634774400000,501,504.95,465.55,471.95,104175.2
1634860800000,471.95,498.6,471.75,478.75,89821.35
1634947200000,478.75,485.85,472.2,485.85,49601.53
1635033600000,485.85,486.8,468.2,476.2,40334.46
1635120000000,476.2,488.65,475.4,485.35,33421.71
1635206400000,485.35,490.5,473.7,478.4,27180.42
1635292800000,478.4,486.4,431.8,448.5,53561.22
1635379200000,448.5,494.8,446.95,491.9,55131.84
1635465600000,491.9,534.7,488.05,530.2,65145.84
1635552000000,530.2,541.2,510.45,528.65,52621
1635638400000,528.65,534.8,508.55,523.95,48358.36
1635724800000,523.95,552.05,511.05,551.2,72816.39
1635811200000,551.2,565.65,537.8,554.65,53241.31
1635897600000,554.65,570.05,537.1,568.7,63832.06
1635984000000,568.7,569.05,544.2,559.25,52108.25
1636070400000,559.25,619.15,555,606.45,116900.59
1636156800000,606.45,637.3,595.3,637.2,92271.5
1636243200000,637.2,669.5,630.1,649.55,120129.06
1636329600000,649.55,656.15,632.65,654.2,83692.37
1636416000000,654.2,657,633.45,635.55,52625.97
1636502400000,635.55,662.95,567.65,614.35,126631.54
1636588800000,614.35,635,605.5,628.3,58291.81
1636675200000,628.3,634.15,602.7,626.75,60994.82
1636761600000,626.75,654.4,619.35,648.75,49272.38
1636848000000,648.75,659.5,634.55,650.3,61838.38
1636934400000,650.3,658.9,630.5,633.15,48943.6
1637020800000,633.15,634.1,570.5,588.85,110148.95
1637107200000,588.85,592.5,554.4,578.75,68909.49
1637193600000,578.75,588.3,516.45,531.85,78677.22
1637280000000,531.85,585.6,524.2,580.8,63224.44
1637366400000,580.8,605.1,573.35,604.25,43088.24
1637452800000,604.25,605.15,581,584.45,40214.68
1637539200000,584.45,585.4,554.65,560.35,55002.44
1637625600000,560.35,605.65,558.45,591.8,45469.93
1637712000000,591.8,594.5,577.5,590.85,42420.85
1637798400000,590.85,647,588.05,638.85,61602.45
1637884800000,638.85,658.4,564.8,587.2,119695.86
1637971200000,587.2,620.9,584.6,600.6,64503.96
1638057600000,600.6,612.45,572.05,611.4,69133.14
1638144000000,611.4,629.75,602.25,624.75,61303.37
1638230400000,624.75,635.5,604,622.6,54953.22
1638316800000,622.6,649.85,619.35,627.65,48328.22
1638403200000,627.65,630.65,605.8,620.65,42831.21
1638489600000,620.65,627.85,573.45,595.8,53481.29
1638576000000,595.8,596.1,488.55,568.1,120719.71
1638662400000,568.1,581,541,557.3,52847.45
1638748800000,557.3,591.8,533.05,587.15,76942.72
1638835200000,587.15,592.1,572.1,578.3,39462.97
1638921600000,578.3,606.95,567.1,606.4,46017.15
1639008000000,606.4,616.4,567.5,570.05,45961.34
1639094400000,570.05,593.6,550.2,552.3,46902.91
1639180800000,552.3,572,541.7,563.7,41171.81
1639267200000,563.7,574.05,558.2,569.8,23219.34
1639353600000,569.8,571.25,511,521.05,48945.73
1639440000000,521.05,534.95,510,528.45,50254.06
1639526400000,528.45,546.3,501.85,541.15,56521.41
1639612800000,541.15,545.4,525,526.05,34095.35
1639699200000,526.05,536.1,511.2,525.55,45252.46
1639785600000,525.55,537.35,517,533.9,25737.27
1639872000000,533.9,544.65,527.7,530,28103.79
1639958400000,530,534.7,506.7,523.45,33184.2
1640044800000,523.45,535.45,517.45,528.6,29023.67
1640131200000,528.6,545.2,527.6,533.55,30062.53
1640217600000,533.55,552.9,524.55,548.75,27830.09
1640304000000,548.75,555.15,536,542,19605.63
1640390400000,542,551,539.9,547.8,12393.56
1640476800000,547.8,549.85,536.3,546.8,15218.14
1640563200000,546.8,571.55,543.75,562.9,26540.39
1640649600000,562.9,563.15,528.1,533.95,31787.5
1640736000000,533.95,540.5,510.8,514.7,19180.67
1640822400000,514.7,527.8,508.1,518.8,14594.49
1640908800000,518.8,528.65,506,511.85,20758.51
1640995200000,511.85,527.8,511.7,527.5,13411.65
1641081600000,527.5,533.5,518,530.65,13008.62
1641168000000,530.65,532.3,511,512.1,20467.8
1641254400000,512.1,519.95,503,506.75,28444.41
1641340800000,506.75,515.75,456,473.35,36407.24
1641427200000,473.35,480.85,458.9,472.5,22930.83
1641513600000,472.5,473.4,436.95,447.6,43159.23
1641600000000,447.6,459.6,415,429.3,37414.78
1641686400000,429.3,444.2,426.7,438.25,22538.85
1641772800000,438.25,445.05,406.1,424.75,38248.93
1641859200000,424.75,467.55,421.4,462.75,42537.3
1641945600000,462.75,489,455.5,487.5,33546.51
1642032000000,487.5,488.45,466.4,474.2,31656.3
1642118400000,474.2,492.15,466.75,489.7,28580.22
1642204800000,489.7,500,484.55,493.8,21629.94
1642291200000,493.8,505.55,488.2,497.85,25047.5
1642377600000,497.85,498.05,467,475.15,34895.65
1642464000000,475.15,479.2,457.2,470.5,26363.01
1642550400000,470.5,472.5,453.65,461.8,25668.71
1642636800000,461.8,478,438.6,440.7,49616.82
1642723200000,440.7,444.7,373.15,383.7,73170.7
1642809600000,383.7,389.1,336.1,358.55,105481.96
1642896000000,358.55,388.9,356.25,383.9,54641.24
1642982400000,383.9,384.05,336.1,371,72106.01
1643068800000,371,387.6,357.4,384.4,36126.08
1643155200000,384.4,402.4,366,374.6,52213.02
1643241600000,374.6,393.5,359.45,389.75,59002.97
1643328000000,389.75,397,375.3,386,47294.76
1643414400000,386,397.35,378.8,388.7,34740.41
1643500800000,388.7,389.1,372.45,377.35,23717.3
1643587200000,377.35,384.85,364.65,374.3,29580.92
1643673600000,374.3,388.4,373.65,383.65,29018.81
1643760000000,383.65,385.8,366.1,367.05,23066.47
1643846400000,367.05,372.05,359.5,372,26363.97
1643932800000,372,399.5,369.3,399.35,49257.67
1644019200000,399.35,430.35,396.15,413.75,42699.82
1644105600000,413.75,421.35,406.75,419.55,27590.47
1644192000000,419.55,438.6,412.95,433.1,31674.7
1644278400000,433.1,445.1,406.5,407.95,39624.34
1644364800000,407.95,427.25,407.5,422.3,24625.11
1644451200000,422.3,435.45,409.65,414.5,44076.38
1644537600000,414.5,418.6,392.5,399.85,34791.82
1644624000000,399.85,407,393.3,403.6,31662.23
1644710400000,403.6,407.2,394.7,397.95,15581.81
1644796800000,397.95,404.35,390.75,403.5,30205.36
1644883200000,403.5,442.4,402.9,432.15,60424.09
1644969600000,432.15,433.3,421.75,426.75,32172.75
1645056000000,426.75,430.8,398.65,401.85,30014.02
1645142400000,401.85,410.6,391.95,398.9,38707.39
1645228800000,398.9,406.35,393,399.3,15968.09
1645315200000,399.3,399.5,374.6,380.15,27086.37
1645401600000,380.15,393,354.7,356.25,49458.17
1645488000000,356.25,375,348.25,373.7,32330.02
1645574400000,373.7,384.2,365.2,365.25,27061.07
1645660800000,365.25,370.55,323.1,360.85,75530.47
1645747200000,360.85,376.9,356.65,374.55,29847.28
1645833600000,374.55,391,370.4,373.1,19412.44
1645920000000,373.1,380.85,357.95,359.85,22493.31
1646006400000,359.85,397.4,355.45,395.75,24092.52
1646092800000,395.75,426.35,391,408.5,56533.41
1646179200000,408.5,415.5,403.45,408.9,20621.44
1646265600000,408.9,412.75,397.25,402.25,16212.61
1646352000000,402.25,403.15,371.45,374.15,26421.1
1646438400000,374.15,386.75,366.8,384.2,13841.48
1646524800000,384.2,386.7,372.4,374.45,20713.51
1646611200000,374.45,385.5,362.55,380.4,44830.91
1646697600000,380.4,390,376.7,381.3,32451.28
1646784000000,381.3,402.5,380.85,393.1,37194.94
1646870400000,393.1,394.35,362.1,371.65,28216.61
1646956800000,371.65,379.95,364.5,372.05,24092.27
1647043200000,372.05,378.95,371.05,372.3,14836.01
1647129600000,372.3,376.85,359.75,360.95,16979.76
1647216000000,360.95,374,359,373.7,12586.61
1647302400000,373.7,374.75,361.65,371.45,14902.59
1647388800000,371.45,386.7,368.05,385.25,26058.85
1647475200000,385.25,393.4,381.9,391.7,21393.62
1647561600000,391.7,400.25,383.75,397.05,24832.33
1647648000000,397.05,406,394.65,399.55,28982.17
1647734400000,399.55,400.45,386.1,390.5,22480.59
1647820800000,390.5,399,384.8,395.7,31355.04
1647907200000,395.7,409.9,394.55,403.65,41823.55
1647993600000,403.65,411.8,397.75,408.2,23498.39
1648080000000,408.2,416.4,404.8,413.85,32082.26
1648166400000,413.85,421.35,405.1,409.85,23595.61
1648252800000,409.85,415.95,407.1,415.6,9399.53
1648339200000,415.6,431.3,411.45,430.55,20299.86
1648425600000,430.55,440.8,425.85,429.45,27941.32
1648512000000,429.45,441.7,429.2,434.1,24352.31
1648598400000,434.1,449.6,425.3,442.05,32076.63
1648684800000,442.05,452.3,423.65,428.7,46315.64
1648771200000,428.7,447.75,412.7,447.4,37675.56
1648857600000,447.4,454.05,435.4,436.75,24229.33
1648944000000,436.75,455.6,431.35,450,26112.88
1649030400000,450,450.15,432.75,447.6,21323.89
1649116800000,447.6,459.95,443.65,444.15,38521.62
1649203200000,444.15,444.25,418.05,419.75,41131.84
1649289600000,419.75,438.4,416,435.75,28446.12
1649376000000,435.75,441.15,418.25,421.45,31705.71
1649462400000,421.45,427.95,419.2,426.2,20047.42
1649548800000,426.2,429.2,416.6,417.65,19959.83
1649635200000,417.65,419.5,391,394,46311.18
1649721600000,394,416.5,392.05,413.35,41449.23
1649808000000,413.35,424.3,410.1,422.65,49071.39
1649894400000,422.65,426.65,411.25,414.5,28089.82
1649980800000,414.5,419.65,412.45,416.85,15798.22
1650067200000,416.85,418.7,411.45,417,10967.53
1650153600000,417,417.95,405,406.4,15512.24
1650240000000,406.4,417.75,395.75,416.5,42966.75
1650326400000,416.5,424.5,414.4,422.2,32257.46
1650412800000,422.2,431.2,414.6,418.05,48933.87
1650499200000,418.05,425.85,400.7,404.65,43182.07
1650585600000,404.65,414,403.25,406.45,32796.44
1650672000000,406.45,407.95,396.45,400.6,19653.96
1650758400000,400.6,405.2,396.85,398.75,19063.33
1650844800000,398.75,405.65,381.75,404.1,47152.61
1650931200000,404.1,407.45,380.4,385.8,35301.18
1651017600000,385.8,394.65,383.2,391.15,39066.67
1651104000000,391.15,408.55,388.1,406.55,44878.71
1651190400000,406.55,410.4,389.35,392.45,45084.68
1651276800000,392.45,399.7,375.4,376.6,39106.82
1651363200000,376.6,391.15,374.65,389.55,48779.44
1651449600000,389.55,392.25,381.7,389.2,41739.79
1651536000000,389.2,392.15,379.5,383.35,20335.57
1651622400000,383.35,402.75,382.45,402.25,44025.46
1651708800000,402.25,413.95,369.8,378,99184.86
1651795200000,378,383.2,370.2,378.85,42415.79
1651881600000,378.85,380.4,359.85,365.25,44098.97
1651968000000,365.25,366.75,349,355.7,47446.16
1652054400000,355.7,359.15,294.25,295.7,143682.25
1652140800000,295.7,332.6,288.35,318.9,129574.89
1652227200000,318.9,322.8,260.2,271.2,182577.73
1652313600000,271.2,285.25,216.1,268.75,239694.67
1652400000000,268.75,313.15,264.85,290.55,124984.56
1652486400000,290.55,299.3,271.6,296.55,97685.5
1652572800000,296.55,312.4,285.4,312.05,76189.29
1652659200000,312.05,312.05,290,296.7,64670.73
1652745600000,296.7,310.4,295.7,305.65,45462.79
1652832000000,305.65,308.3,286.5,287.45,65083.54
1652918400000,287.45,309,286.35,306.55,85423.3
1653004800000,306.55,316.15,293.7,302,111895.69
1653091200000,302,314.2,299.05,312,69621.42
1653177600000,312,323.4,311.25,319.15,85185.97
1653264000000,319.15,336.95,314.95,316.8,115193.64
1653350400000,316.8,330.45,311.4,328.3,126730.35
1653436800000,328.3,337.8,323.45,325.5,121996.14
1653523200000,325.5,331.75,294.95,302.75,202294.78
1653609600000,302.75,309.55,290.1,300.95,157427.89
1653696000000,300.95,311.45,296.6,307.3,74459.47
1653782400000,307.3,307.95,298.25,305.75,61952.59
1653868800000,305.75,324.15,303.7,322,111653.56
1653955200000,322,324.75,313.05,320.7,72369.09
1654041600000,320.7,324.6,297.25,300,111474.2
1654128000000,300,309.25,297.85,308.3,58951.75
1654214400000,308.3,310,293.05,298.45,68695.42
1654300800000,298.45,302.8,294.35,301.3,39182.41
1654387200000,301.3,302.3,294.5,298.75,53587.5
1654473600000,298.75,312.25,286.8,294.65,169335.09
1654560000000,294.65,296,273.2,290.1,278317.93
1654646400000,290.1,294.4,283.7,288.25,107948.94
1654732800000,288.25,293.25,286,289.45,63757.8
1654819200000,289.45,299.45,282.9,286.1,208184.35
1654905600000,286.1,290.45,264.8,269.55,192573.63
1654992000000,269.55,271.95,250.65,254.5,214710.19
1655078400000,254.5,257.7,213.05,222.95,518323.32
1655164800000,222.95,231.3,203.8,223.1,356678.16
1655251200000,223.1,234.55,198.25,233.55,465634.11
1655337600000,233.55,237.3,207.5,210.05,184198.93
1655424000000,210.05,222.25,207.65,215.55,140653.24
1655510400000,215.55,219,182.75,196.8,446959.35
1655596800000,196.8,216.85,189.55,215.05,338590.79
1655683200000,215.05,219.5,204.45,216.4,232179.85
1655769600000,216.4,228.2,212.85,219.6,171651.2
1655856000000,219.6,220.85,211.1,213.9,164960.15
1655942400000,213.9,241.9,213.85,228.65,360642.99
1656028800000,228.65,243.55,228.3,239.95,143936.79
1656115200000,239.95,241.95,229.3,239.55,118107.57
1656201600000,239.55,245.55,233,233.8,91199.04
1656288000000,233.8,240.9,229.85,233.35,86012.42
1656374400000,233.35,242.65,225.65,226.8,119631.78
1656460800000,226.8,229.65,215.25,219.4,102913.7
1656547200000,219.4,220.1,205.55,219.55,127948.98
1656633600000,219.55,226.6,213.25,216.6,150753.78
1656720000000,216.6,219.6,213.65,218,56964.55
1656806400000,218,220.1,213.95,218.95,65325.3
1656892800000,218.95,232.45,214.65,231.4,108567.59
1656979200000,231.4,236.35,222.75,230.6,138377.23
1657065600000,230.6,240,228.9,238.4,139901.93
1657152000000,238.4,243.8,235.1,241.35,119357.44
1657238400000,241.35,252.1,236.8,240.45,134186.65
1657324800000,240.45,244.85,240.45,243.05,49948.82
1657411200000,243.05,243.2,231.65,234.4,70559.22
1657497600000,234.4,234.8,224.9,225.45,87260.09
1657584000000,225.45,228.1,219.85,220.3,87262.22
1657670400000,220.3,231.25,216.05,230.35,172335.91
1657756800000,230.35,240,226.95,238.35,132451.27
1657843200000,238.35,242.65,235.3,238.4,95684.85
1657929600000,238.4,251.35,233.65,249.75,114500.32
1658016000000,249.75,255.6,246.3,247.6,92377.32
1658102400000,247.6,265.6,247.5,264.05,165668.6
1658188800000,264.05,274.65,255.65,268.6,172254.62
1658275200000,268.6,271.9,256.25,258.05,122202.2
1658361600000,258.05,265.8,250.6,265.3,83839.82
1658448000000,265.3,271.25,261,262.2,94371.94
1658534400000,262.2,272.5,252.45,258.9,85378.04
1658620800000,258.9,266.2,256.95,261.45,51386.97
1658707200000,261.45,262.6,243.95,244.35,87524.45
1658793600000,244.35,249.35,239.45,249.25,77190.89
1658880000000,249.25,272.05,247.5,271.55,142050.65
1658966400000,271.55,280.95,263.55,277.2,109651.47
1659052800000,277.2,302.25,274.7,293.5,182287.33
1659139200000,293.5,300.65,284.85,287.55,136418.08
1659225600000,287.55,297.2,281.9,283.45,89162.62
1659312000000,283.45,290.4,277.8,283.15,97523.91
1659398400000,283.15,291.1,273.75,283.55,129436.24
1659484800000,283.55,305.9,278,297.4,174736.44
1659571200000,297.4,313.65,297,311.55,260351.7
1659657600000,311.55,321.25,307.8,315.65,226708.8
1659744000000,315.65,323.2,312.45,315.05,130028.01
1659830400000,315.05,326.15,308.05,322.25,205450.11
1659916800000,322.25,333.7,320.85,324.55,208127.31
1660003200000,324.55,328.3,311.85,324.1,191539.98
1660089600000,324.1,336.6,313.35,328.6,319406.11
1660176000000,328.6,334.45,321.6,323.05,158019.29
1660262400000,323.05,327.8,317.45,327.65,114101.16
1660348800000,327.65,332.7,322.4,323.9,119717.31
1660435200000,323.9,330.65,315.5,317.25,110719.35
1660521600000,317.25,327.2,313.25,319.2,161800.29
1660608000000,319.2,322.2,311.75,315.75,94412.81
1660694400000,315.75,323.9,303.45,306.65,164331.58
1660780800000,306.65,310.8,295.25,297.95,125431.73
1660867200000,297.95,298.1,274.75,278.9,286183.84
1660953600000,278.9,288.8,276.55,283.5,163234.12
1661040000000,283.5,304.25,283.35,301.6,207157.1
1661126400000,301.6,304.65,288.6,299.8,199555.44
1661212800000,299.8,301.65,293.5,298.9,161311.09
1661299200000,298.9,300.2,293.85,295.95,138353.28
1661385600000,295.95,307.5,295.6,301.2,146579.94
1661472000000,301.2,302.4,276.95,279.25,233749.25
1661558400000,279.25,284.55,272.45,277.65,133967.61
1661644800000,277.65,283.85,275.4,276.15,127390.72
1661731200000,276.15,286.95,272.2,285.75,173091.77
1661817600000,285.75,291.8,276.5,281.25,170500.88
1661904000000,281.25,289.85,277.3,278.9,130523.87
1661990400000,278.9,280.15,270.35,278.1,224400.16
1662076800000,278.1,283.4,273.1,277.15,143969.91
1662163200000,277.15,279.1,274.05,277.7,56926.67
1662249600000,277.7,280.6,274.8,278.9,67780.31
1662336000000,278.9,281.8,273.05,276.65,114050.61
1662422400000,276.65,286.3,260.5,262.2,251368.72
1662508800000,262.2,280.3,258.05,278.85,156139.79
1662595200000,278.85,282.9,275.3,280.25,135187.26
1662681600000,280.25,295.8,279.95,293.05,128196.03
1662768000000,293.05,298.4,290,296.4,71416.63
1662854400000,296.4,297.8,289.55,295.15,48371.2
1662940800000,295.15,300.1,290.6,293.75,87459.8
1663027200000,293.75,298.4,275.15,277.15,155154.37
1663113600000,277.15,282.65,273,279.1,88421.87
1663200000000,279.1,280.25,266.45,270.85,108874.18
1663286400000,270.85,276.4,268.3,274.7,98844.84
1663372800000,274.7,279.7,274.55,278.8,41251.46
1663459200000,278.8,280,262.65,266.2,97265.56
1663545600000,266.2,272.95,256.3,271.8,125573.79
1663632000000,271.8,273.55,264.95,266.15,119114.51
1663718400000,266.15,276.2,260.2,263.75,209947.18
1663804800000,263.75,276.55,263.25,275.15,84109.34
1663891200000,275.15,277.55,268.35,276.4,107949.61
1663977600000,276.4,285.25,274.1,274.25,112488.54
1664064000000,274.25,279.65,270.75,274.05,82517.82
1664150400000,274.05,276.7,270.5,276,85132.37
1664236800000,276,286.45,269.05,271.95,148516.44
1664323200000,271.95,283.6,266.25,281.4,136044.67
1664409600000,281.4,285.2,276.85,283.7,130789.28
1664496000000,283.7,289.65,280.35,284.45,171962.67
1664582400000,284.45,285.15,277.5,282.7,71715.77
1664668800000,282.7,287.8,279.1,284.55,87423.74
1664755200000,284.55,289.1,283,286.9,129443.61
1664841600000,286.9,298.3,286.05,295.9,144356.53
1664928000000,295.9,296.1,289.2,293.95,91334.56
1665014400000,293.95,297.8,278.05,286.7,338513.92
1665100800000,286.7,286.75,277.9,282.1,241713.84
1665187200000,282.1,282.6,272,276.2,105597.68
1665273600000,276.2,279.45,274.9,278.1,71499.44
1665360000000,278.1,279.1,271.05,271.45,102230.7
1665446400000,271.45,273.85,267,271.25,98611.75
1665532800000,271.25,272.85,269.25,270.8,69812.56
1665619200000,270.8,273.85,256.05,271.5,258898.43
1665705600000,271.5,276.7,267.5,269.3,94162.72
1665792000000,269.3,271.35,267.05,267.95,42353.2
1665878400000,267.95,273.75,267.8,272.2,59835.65
1665964800000,272.2,276,269.75,275.5,85127.79
1666051200000,275.5,275.85,270.2,272.95,61227.97
1666137600000,272.95,273.7,270.25,271.7,47064.71
1666224000000,271.7,273.35,267.1,268.8,81330.65
1666310400000,268.8,271.05,263.15,269.85,73439.73
1666396800000,269.85,270.95,268.2,270.2,29451.86