{
  "config": {
    "minSwingPct": 0.3,
    "shortWindow": 6,
    "longWindow": 50,
    "confirmOnClose": true,
    "minLegBars": 4
  },
  "pivots": [
    {
      "pivot": {
        "type": "high",
        "price": 117383.8,
        "time": 1753161600000,
        "previousPrice": 116885,
        "previousTime": 1753159680000,
        "movePct": 0.004267442357873148,
        "bars": 60,
        "confirmedOnClose": true,
        "displayTime": "6:20:00 AM",
        "candleDisplayTime": "Tuesday   2025-07-22 06:48:00 AM",
        "candleData": {
          "open": 117050,
          "high": 117050.1,
          "low": 117012.9,
          "close": 117026.6,
          "time": 1753163280000
        }
      },
      "candle": {
        "time": 1753163280000,
        "open": 117050,
        "high": 117050.1,
        "low": 117012.9,
        "close": 117026.6,
        "volume": 34.996
      }
    },
    {
      "pivot": {
        "type": "low",
        "price": 116952,
        "time": 1753163400000,
        "previousPrice": 117383.8,
        "previousTime": 1753161600000,
        "movePct": 0.0036785314498252986,
        "bars": 5,
        "confirmedOnClose": true,
        "displayTime": "2:20:00 AM",
        "candleDisplayTime": "Tuesday   2025-07-22 06:53:00 AM",
        "candleData": {
          "open": 117275.2,
          "high": 117328.1,
          "low": 117226.2,
          "close": 117328,
          "time": 1753163580000
        }
      },
      "candle": {
        "time": 1753163580000,
        "open": 117275.2,
        "high": 117328.1,
        "low": 117226.2,
        "close": 117328,
        "volume": 46.166
      }
    },
    {
      "pivot": {
        "type": "high",
        "price": 118620.1,
        "time": 1753169340000,
        "previousPrice": 116952,
        "previousTime": 1753163400000,
        "movePct": 0.014263116492236182,
        "bars": 101,
        "confirmedOnClose": true,
        "displayTime": "8:20:00 PM",
        "candleDisplayTime": "Tuesday   2025-07-22 08:34:00 AM",
        "candleData": {
          "open": 118271.1,
          "high": 118292.6,
          "low": 118255,
          "close": 118255,
          "time": 1753169640000
        }
      },
      "candle": {
        "time": 1753169640000,
        "open": 118271.1,
        "high": 118292.6,
        "low": 118255,
        "close": 118255,
        "volume": 36.869
      }
    },
    {
      "pivot": {
        "type": "low",
        "price": 117551.7,
        "time": 1753171620000,
        "previousPrice": 118620.1,
        "previousTime": 1753169340000,
        "movePct": 0.009006905237813901,
        "bars": 46,
        "confirmedOnClose": true,
        "displayTime": "5:40:00 AM",
        "candleDisplayTime": "Tuesday   2025-07-22 09:20:00 AM",
        "candleData": {
          "open": 117838.1,
          "high": 117975,
          "low": 117838.1,
          "close": 117975,
          "time": 1753172400000
        }
      },
      "candle": {
        "time": 1753172400000,
        "open": 117838.1,
        "high": 117975,
        "low": 117838.1,
        "close": 117975,
        "volume": 152.695
      }
    },
    {
      "pivot": {
        "type": "high",
        "price": 118024.2,
        "time": 1753172460000,
        "previousPrice": 117551.7,
        "previousTime": 1753171620000,
        "movePct": 0.004019508012219304,
        "bars": 5,
        "confirmedOnClose": true,
        "displayTime": "11:00:00 PM",
        "candleDisplayTime": "Tuesday   2025-07-22 09:25:00 AM",
        "candleData": {
          "open": 117716.4,
          "high": 117716.4,
          "low": 117580,
          "close": 117580,
          "time": 1753172700000
        }
      },
      "candle": {
        "time": 1753172700000,
        "open": 117716.4,
        "high": 117716.4,
        "low": 117580,
        "close": 117580,
        "volume": 139.26
      }
    },
    {
      "pivot": {
        "type": "low",
        "price": 117517.7,
        "time": 1753172760000,
        "previousPrice": 118024.2,
        "previousTime": 1753172460000,
        "movePct": 0.004291492761653966,
        "bars": 6,
        "confirmedOnClose": true,
        "displayTime": "10:20:00 AM",
        "candleDisplayTime": "Tuesday   2025-07-22 09:31:00 AM",
        "candleData": {
          "open": 117823.1,
          "high": 117934.6,
          "low": 117809.2,
          "close": 117924.8,
          "time": 1753173060000
        }
      },
      "candle": {
        "time": 1753173060000,
        "open": 117823.1,
        "high": 117934.6,
        "low": 117809.2,
        "close": 117924.8,
        "volume": 69.532
      }
    },
    {
      "pivot": {
        "type": "high",
        "price": 118383.1,
        "time": 1753174500000,
        "previousPrice": 117517.7,
        "previousTime": 1753172760000,
        "movePct": 0.007363997082992679,
        "bars": 45,
        "confirmedOnClose": true,
        "displayTime": "1:40:00 PM",
        "candleDisplayTime": "Tuesday   2025-07-22 10:16:00 AM",
        "candleData": {
          "open": 118060,
          "high": 118060.1,
          "low": 118009.4,
          "close": 118009.5,
          "time": 1753175760000
        }
      },
      "candle": {
        "time": 1753175760000,
        "open": 118060,
        "high": 118060.1,
        "low": 118009.4,
        "close": 118009.5,
        "volume": 40.535
      }
    },
    {
      "pivot": {
        "type": "low",
        "price": 117892.6,
        "time": 1753175820000,
        "previousPrice": 118383.1,
        "previousTime": 1753174500000,
        "movePct": 0.004143327890551945,
        "bars": 10,
        "confirmedOnClose": true,
        "displayTime": "8:20:00 PM",
        "candleDisplayTime": "Tuesday   2025-07-22 10:26:00 AM",
        "candleData": {
          "open": 118195.7,
          "high": 118284.6,
          "low": 118195.7,
          "close": 118278,
          "time": 1753176360000
        }
      },
      "candle": {
        "time": 1753176360000,
        "open": 118195.7,
        "high": 118284.6,
        "low": 118195.7,
        "close": 118278,
        "volume": 77.619
      }
    },
    {
      "pivot": {
        "type": "high",
        "price": 119460.3,
        "time": 1753185960000,
        "previousPrice": 117892.6,
        "previousTime": 1753175820000,
        "movePct": 0.01329769637788968,
        "bars": 186,
        "confirmedOnClose": true,
        "displayTime": "5:00:00 AM",
        "candleDisplayTime": "Tuesday   2025-07-22 01:32:00 PM",
        "candleData": {
          "open": 119181.9,
          "high": 119182,
          "low": 119099.5,
          "close": 119099.5,
          "time": 1753187520000
        }
      },
      "candle": {
        "time": 1753187520000,
        "open": 119181.9,
        "high": 119182,
        "low": 119099.5,
        "close": 119099.5,
        "volume": 114.982
      }
    },
    {
      "pivot": {
        "type": "low",
        "price": 119090,
        "time": 1753187580000,
        "previousPrice": 119460.3,
        "previousTime": 1753185960000,
        "movePct": 0.0030997745694595017,
        "bars": 14,
        "confirmedOnClose": true,
        "displayTime": "11:00:00 PM",
        "candleDisplayTime": "Tuesday   2025-07-22 01:46:00 PM",
        "candleData": {
          "open": 119440,
          "high": 119453,
          "low": 119439.9,
          "close": 119450,
          "time": 1753188360000
        }
      },
      "candle": {
        "time": 1753188360000,
        "open": 119440,
        "high": 119453,
        "low": 119439.9,
        "close": 119450,
        "volume": 38.546
      }
    }
  ]
}